site,lon,lat,north_rate_mm_yr,east_rate_mm_yr,vertical_rate_mm_yr,north_std_mm_yr,east_std_mm_yr,vertical_std_mm_yr,epoch_start,epoch_end,ref_frame
ALBH, -123.487000, 48.390000, 8.500424, 3.905285, 1.254481, 0.015883, 0.012821, 0.039166, 2007-1-1, 2017-8-19, North America plate
ARLI, -122.142000, 48.174000, 3.628969, 2.203849, 1.032572, 0.146255, 0.204660, 0.120493, 2007-1-2, 2017-8-19, North America plate
ARLN, -120.183000, 45.708000, 2.399498, 0.160343, 0.177338, 0.015148, 0.024036, 0.045968, 2007-12-19, 2017-8-19, North America plate
ASBU, -121.369000, 43.821000, 2.815320, 1.985426, -0.108987, 0.122511, 0.733630, 0.197895, 2011-8-18, 2017-8-19, North America plate
ASHL, -122.670000, 42.181000, 3.821578, 2.108750, 1.503653, 0.023425, 0.030117, 0.073369, 2007-4-3, 2017-8-19, North America plate
AXIS, -120.285000, 47.404000, 1.776010, -0.021790, 0.326983, 0.319754, 0.067435, 0.038125, 2008-12-13, 2016-11-11, North America plate
BAMF, -125.135000, 48.835000, 10.311181, 5.383600, 2.858277, 0.031848, 0.025351, 0.031507, 2007-1-1, 2017-8-19, North America plate
BCES, -123.429000, 48.429000, 6.851414, 2.783409, 1.557928, 0.055974, 0.047237, 0.171027, 2009-1-1, 2017-8-19, North America plate
BCIT, -122.191000, 47.614000, 5.294149, 2.463682, -18.264222, 0.105704, 0.062769, 0.287108, 2008-6-9, 2017-8-19, North America plate
BCLC, -122.657000, 49.104000, 4.018752, 1.947909, 5.273404, 0.060070, 0.069084, 0.231275, 2010-3-31, 2017-8-19, North America plate
BCLI, -123.147000, 49.115000, 5.943911, 2.291265, -1.391021, 0.029968, 0.029887, 0.099654, 2010-3-31, 2017-8-19, North America plate
BCMR, -122.539000, 49.221000, 4.513092, 1.160961, -0.485844, 0.029524, 0.031029, 0.101226, 2010-3-31, 2017-8-19, North America plate
BCNS, -123.451000, 48.648000, 6.566849, 3.042372, 1.558313, 0.060064, 0.054074, 0.182714, 2009-1-1, 2017-8-19, North America plate
BCOV, -126.843000, 50.544000, 3.383613, 3.027018, 2.094536, 0.045106, 0.053309, 0.147399, 2007-1-27, 2017-8-19, North America plate
BCPH, -127.375000, 50.686000, 2.946532, -0.078654, 3.005591, 0.048211, 0.053099, 0.150254, 2009-1-2, 2017-8-19, North America plate
BCSF, -122.860000, 49.192000, 4.896555, 1.842466, 0.822449, 0.030274, 0.030380, 0.098212, 2010-3-31, 2017-8-19, North America plate
BCSL, -119.644000, 49.565000, 2.268798, 0.752728, -1.252516, 0.117080, 0.084485, 0.036948, 2009-12-8, 2017-8-19, North America plate
BCSM, -123.800000, 48.559000, 7.551756, 3.194022, 2.441419, 0.042642, 0.034732, 0.119407, 2010-12-14, 2017-8-19, North America plate
BCVC, -123.089000, 49.276000, 5.395203, 2.034068, 0.137014, 0.030273, 0.031414, 0.107796, 2010-4-2, 2017-8-19, North America plate
BELI, -122.479000, 48.755000, 4.667145, 1.509170, 0.611076, 0.126477, 0.204043, 0.090420, 2007-1-1, 2017-8-19, North America plate
BEND, -121.315000, 44.057000, 2.646458, 1.141555, -0.411913, 0.040600, 0.024606, 0.031913, 2007-1-1, 2017-5-30, North America plate
BFIR, -122.125000, 47.617000, 4.184696, 0.862999, -0.728594, 0.059344, 0.055714, 0.163124, 2008-6-10, 2017-1-23, North America plate
BIGD, -118.989000, 47.933000, 2.307253, 0.386831, 0.751385, 0.044675, 0.039109, 0.113265, 2007-1-9, 2015-7-26, North America plate
BILS, -124.253000, 47.539000, 14.738463, 6.686045, 0.928347, 0.102543, 0.110398, 0.216680, 2011-11-8, 2017-8-19, North America plate
BLY1, -121.049000, 42.407000, 1.895841, 0.276848, 0.512957, 0.147853, 0.071943, 0.044172, 2011-7-3, 2017-8-19, North America plate
BREW, -119.683000, 48.132000, 2.402577, 0.447695, 0.194141, 0.052212, 0.053146, 0.024721, 2007-1-1, 2017-8-19, North America plate
BRNB, -123.022000, 49.275000, 4.370673, 1.977595, -1.355355, 0.138116, 0.302997, 0.214394, 2007-5-4, 2013-6-16, North America plate
BSUM, -122.132000, 47.554000, 4.353640, 2.006680, -0.272269, 0.105872, 0.259077, 0.237511, 2008-6-9, 2017-8-19, North America plate
CABL, -124.563000, 42.836000, 10.471027, 6.051616, 2.306345, 0.043020, 0.047164, 0.131498, 2007-1-1, 2017-7-4, North America plate
CACC, -124.184000, 41.746000, 8.248057, 4.736034, 2.702923, 0.093056, 0.068197, 0.237519, 2011-9-27, 2017-8-19, North America plate
CATH, -123.367000, 46.197000, 6.587633, 2.183611, 1.940773, 0.073813, 0.104839, 0.135199, 2007-5-4, 2017-3-17, North America plate
CHCM, -122.776000, 48.011000, 7.390085, 1.214456, 0.547778, 0.051656, 0.044139, 0.159959, 2007-1-2, 2017-8-19, North America plate
CHEL, -119.990000, 47.832000, 2.812523, 0.610648, -0.169212, 0.028887, 0.029871, 0.105821, 2007-1-1, 2017-3-17, North America plate
CHEM, -121.786000, 43.224000, 3.490100, 0.088640, 0.733824, 0.705220, 0.012803, 0.029063, 2008-11-23, 2017-8-19, North America plate
CHWK, -122.008000, 49.157000, 3.808032, 0.578889, 0.664874, 0.017421, 0.018763, 0.057187, 2007-1-1, 2017-8-19, North America plate
CHZZ, -123.978000, 45.487000, 8.012811, 3.876571, 1.950282, 0.115702, 0.112766, 0.124911, 2007-1-1, 2017-8-19, North America plate
CLRS, -124.131000, 48.820000, 7.373247, 3.457765, 3.123376, 0.086516, 0.044293, 0.033544, 2008-7-15, 2017-8-19, North America plate
CME5, -124.396000, 40.442000, 20.085472, 8.849433, -0.867465, 0.902404, 0.586020, 1.819716, 2007-9-19, 2017-8-19, North America plate
CME6, -124.396000, 40.441000, 19.102206, 9.402167, -1.148206, 0.351570, 0.676561, 1.041922, 2007-9-19, 2017-8-19, North America plate
CNCR, -121.749000, 48.539000, 3.672271, 1.204027, -1.150488, 0.179392, 0.343826, 0.115931, 2007-7-3, 2017-3-17, North America plate
COND, -120.181000, 45.238000, 1.978335, 0.391967, 0.155269, 0.056610, 0.015105, 0.042333, 2011-11-15, 2017-8-19, North America plate
CORV, -123.305000, 44.586000, 6.462073, 2.755741, 1.626143, 0.040191, 0.044169, 0.031754, 2007-1-1, 2017-8-19, North America plate
COUG, -122.261000, 46.059000, 3.453896, 0.489131, 3.451477, 0.073921, 0.177988, 0.190367, 2007-11-11, 2015-3-12, North America plate
COUP, -122.686000, 48.217000, 5.360776, 2.336437, 3.265427, 0.391659, 0.182487, 0.141545, 2007-1-2, 2017-8-19, North America plate
CPUD, -120.314000, 47.430000, 3.668027, 2.271033, -1.943645, 0.129463, 0.115124, 0.643498, 2007-1-1, 2017-8-19, North America plate
CPXF, -122.257000, 46.840000, 4.631902, 2.053574, -0.802352, 0.012133, 0.011304, 0.039536, 2007-1-2, 2017-8-19, North America plate
CPXX, -122.257000, 46.840000, 4.107597, 2.398986, -0.965575, 0.075053, 0.106743, 0.145210, 2007-1-1, 2012-5-5, North America plate
CROK, -122.913000, 46.275000, 4.497439, 1.172092, 1.596102, 0.123233, 0.149655, 0.140216, 2007-5-5, 2017-3-17, North America plate
CSKI, -122.236000, 47.381000, 3.526096, 1.470535, -0.114255, 0.052240, 0.044797, 0.160076, 2007-1-1, 2017-8-19, North America plate
CTPT, -122.894000, 42.377000, 3.606785, 2.581169, -0.912528, 0.025255, 0.020486, 0.069210, 2007-3-17, 2017-8-19, North America plate
CUSH, -123.220000, 47.423000, 5.247723, 1.810133, 1.509262, 0.106420, 0.362325, 0.252342, 2008-8-26, 2017-8-19, North America plate
CVO1, -122.496000, 45.611000, 5.393236, 1.939620, -1.568323, 0.169658, 0.144853, 0.665323, 2007-1-1, 2017-8-19, North America plate
DCSO, -123.342000, 43.211000, 3.941578, 1.706024, 1.613385, 0.084572, 0.999275, 0.247229, 2007-1-1, 2016-4-5, North America plate
DDSN, -123.244000, 43.119000, 4.653048, 1.385382, 1.314487, 0.056358, 0.046764, 0.026183, 2007-1-1, 2017-8-19, North America plate
DRAO, -119.625000, 49.323000, 1.522436, 1.886815, 0.985326, 0.145570, 0.143452, 0.433650, 2007-1-1, 2017-5-10, North America plate
DVPT, -118.148000, 47.656000, 2.376888, -0.040164, 4.157660, 0.049819, 0.052236, 0.183698, 2007-1-1, 2017-3-17, North America plate
ELIZ, -127.123000, 49.873000, 8.429516, 5.379720, 0.632983, 0.601216, 1.603395, 2.464751, 2007-1-1, 2017-8-19, North America plate
ELSR, -122.761000, 47.498000, 4.575625, 0.476866, 1.743327, 0.053847, 0.048616, 0.173249, 2007-1-1, 2017-8-19, North America plate
EPHR, -119.545000, 47.329000, 2.392397, 0.400951, 1.084686, 0.122274, 0.483330, 0.141543, 2007-1-1, 2017-3-17, North America plate
FRID, -123.018000, 48.535000, 5.994586, 2.703549, 0.320690, 0.084242, 0.139917, 0.123026, 2007-1-10, 2016-2-26, North America plate
FTS5, -123.956000, 46.205000, 8.877526, 3.681943, 3.284844, 0.053633, 0.044073, 0.140599, 2008-3-27, 2017-8-19, North America plate
FTS6, -123.956000, 46.205000, 8.665681, 3.333489, 3.476352, 0.064140, 0.220683, 0.185279, 2008-3-26, 2017-8-11, North America plate
GARL, -119.355000, 40.417000, 2.714965, -0.401221, 1.050887, 0.106008, 0.228605, 0.509842, 2007-1-1, 2017-8-19, North America plate
GLDR, -126.127000, 49.681000, 7.813366, 4.014787, 2.197593, 0.053272, 0.065080, 0.186288, 2009-4-22, 2017-8-19, North America plate
GOBS, -120.815000, 45.839000, 3.002058, 0.844042, 0.003632, 0.170023, 0.149287, 0.200921, 2007-1-1, 2017-8-19, North America plate
GOLY, -120.802000, 45.829000, 3.472575, 0.975330, 1.401033, 0.124835, 0.546885, 0.180562, 2007-11-11, 2017-3-17, North America plate
GRMD, -123.023000, 46.795000, 6.298436, 1.888981, -1.025813, 0.055224, 0.049382, 0.163321, 2007-8-6, 2017-8-19, North America plate
GRP4, -122.127000, 48.195000, 3.549029, 1.833868, -1.339651, 0.014257, 0.079865, 0.026970, 2007-1-1, 2013-8-2, North America plate
GRSV, -120.787000, 45.364000, 2.676686, 0.611996, -0.095295, 0.083654, 0.046720, 0.042472, 2011-11-15, 2017-8-19, North America plate
GTPS, -123.297000, 42.434000, 4.072798, 2.268575, 1.209963, 0.167577, 0.396544, 0.181697, 2007-4-3, 2017-8-19, North America plate
GWN5, -121.328000, 45.783000, 4.040542, 1.129471, -0.094889, 0.089222, 0.166111, 0.102176, 2007-11-1, 2017-8-19, North America plate
GWN6, -121.327000, 45.783000, 3.450406, 0.837998, 0.034374, 0.088849, 0.176355, 0.093173, 2007-11-1, 2017-8-19, North America plate
HAHD, -121.788000, 47.291000, 3.600234, 0.988263, -0.693740, 0.124762, 0.829211, 0.370825, 2011-10-28, 2017-8-19, North America plate
HLSY, -123.109000, 44.378000, 4.432451, 1.347574, 0.961404, 0.024542, 0.024970, 0.077280, 2007-5-16, 2017-8-19, North America plate
HOLB, -128.135000, 50.640000, 2.158400, 0.623327, 2.083044, 0.313337, 0.365354, 2.182327, 2007-1-12, 2017-8-19, North America plate
HTCH, -120.966000, 47.192000, 3.384802, -0.931760, 2.314008, 0.106197, 0.340101, 0.179013, 2008-9-20, 2013-7-31, North America plate
KENI, -119.159000, 46.198000, 2.742456, 0.096007, 2.136548, 0.054084, 0.057354, 0.165586, 2007-11-11, 2017-3-17, North America plate
KFRC, -121.784000, 42.224000, 2.352142, 1.040903, -0.449796, 0.039369, 0.078556, 0.037732, 2009-5-20, 2017-8-19, North America plate
KLTS, -118.558000, 46.643000, 0.838524, 1.020040, 2.657946, 0.096008, 0.148034, 0.050098, 2011-10-28, 2017-8-19, North America plate
KRMT, -122.321000, 47.803000, 3.924744, 1.411785, -0.618015, 0.047829, 0.067778, 0.030311, 2007-1-1, 2013-10-12, North America plate
KTBW, -122.795000, 47.547000, 4.754917, 1.148472, 0.434718, 0.067391, 0.117553, 0.034565, 2007-1-1, 2017-8-19, North America plate
LA1P, -121.506000, 43.665000, 3.603228, -0.436866, -0.025066, 0.081695, 0.085667, 0.166913, 2007-5-17, 2017-5-30, North America plate
LCSO, -123.107000, 44.634000, 5.125955, 1.399591, 1.148488, 0.048012, 0.044148, 0.154289, 2007-2-27, 2017-8-19, North America plate
LFLO, -124.108000, 43.984000, 8.810030, 3.269469, 0.429032, 0.048499, 0.040861, 0.124350, 2007-1-5, 2017-8-19, North America plate
LINH, -120.539000, 47.000000, 2.923798, 0.921586, 0.434905, 0.046847, 0.051460, 0.162858, 2007-1-1, 2017-8-19, North America plate
LKCP, -121.831000, 47.944000, 3.632576, 1.243752, -0.146816, 0.045462, 0.055046, 0.027011, 2007-1-1, 2017-8-19, North America plate
LNGB, -122.758000, 47.219000, 5.020129, 1.787633, 0.744146, 0.049008, 0.042053, 0.129372, 2007-1-2, 2017-8-19, North America plate
LPSB, -123.090000, 44.051000, 4.206426, 0.901493, 1.682858, 0.045391, 0.043711, 0.127506, 2007-1-5, 2017-8-19, North America plate
LSIG, -121.690000, 47.695000, 2.343697, 1.467104, 2.281133, 0.052021, 0.056093, 0.156612, 2007-1-2, 2017-8-19, North America plate
MCSO, -122.956000, 44.974000, 5.493325, 2.935036, 1.555047, 0.222010, 0.322458, 0.085391, 2007-1-1, 2017-8-19, North America plate
MDMT, -121.222000, 42.418000, 2.263380, 0.619789, -1.429406, 0.085030, 0.367840, 0.120286, 2007-1-1, 2017-8-19, North America plate
MDRS, -121.130000, 44.664000, 2.763772, 1.032154, 0.028822, 0.061752, 0.051747, 0.034620, 2009-9-29, 2017-8-19, North America plate
MODB, -120.303000, 41.902000, 1.663920, 0.253550, -0.204434, 0.106502, 0.504852, 0.556274, 2007-1-1, 2017-8-19, North America plate
MON3, -123.604000, 46.983000, 8.915920, 2.150786, 3.481042, 0.045634, 0.036918, 0.118980, 2009-7-26, 2015-7-26, North America plate
MSLK, -119.274000, 47.131000, 2.133029, 0.045065, 0.614662, 0.149201, 0.158058, 0.389528, 2008-1-3, 2014-8-14, North America plate
NANO, -124.086000, 49.295000, 6.745133, 2.888790, 2.553048, 0.015007, 0.016395, 0.049579, 2007-1-1, 2017-8-19, North America plate
NEAH, -124.625000, 48.298000, 12.981801, 5.254017, 4.362968, 0.048895, 0.063099, 0.040882, 2007-1-1, 2017-8-19, North America plate
NINT, -121.797000, 47.495000, 1.327383, 1.850082, -1.440659, 0.115354, 0.302996, 2.429481, 2007-1-1, 2017-6-19, North America plate
NTKA, -126.617000, 49.592000, 10.102380, 6.778804, 2.601321, 0.539287, 1.504494, 1.454109, 2007-1-1, 2017-8-19, North America plate
NWBG, -122.976000, 45.300000, 5.069546, 2.997282, 0.663270, 0.025433, 0.051829, 0.034364, 2007-1-1, 2014-3-28, North America plate
OAKR, -122.445000, 43.738000, 3.842498, 1.176868, 0.113186, 0.033319, 0.045313, 0.028799, 2009-10-29, 2017-8-19, North America plate
OBEC, -123.098000, 44.066000, 4.315960, 1.553503, -1.273563, 0.027383, 0.128237, 0.032790, 2007-1-1, 2017-8-19, North America plate
OCEN, -124.160000, 46.952000, 13.249329, 7.570303, 0.426052, 0.114363, 0.193347, 0.098730, 2009-7-28, 2017-8-19, North America plate
ODOT, -123.001000, 44.897000, 5.661371, 2.736341, 2.246857, 0.129023, 0.152697, 0.164725, 2011-12-1, 2017-8-19, North America plate
ONAB, -124.075000, 44.515000, 9.907703, 4.325125, 0.934472, 0.036669, 0.054479, 0.047458, 2008-8-22, 2017-8-19, North America plate
ORK5, -121.669000, 42.289000, 1.824674, 0.519662, -2.264651, 0.088809, 0.120619, 0.073358, 2008-4-26, 2016-8-4, North America plate
ORK6, -121.670000, 42.289000, 1.569672, 0.582484, -2.271994, 0.037010, 0.029420, 0.021672, 2008-4-26, 2016-8-4, North America plate
ORS1, -119.059000, 44.164000, 1.704642, 0.413392, 0.417003, 0.081548, 0.290127, 0.063129, 2007-1-1, 2016-8-4, North America plate
ORS2, -119.058000, 44.164000, 1.654168, 0.325004, 0.789141, 0.087896, 0.399808, 0.058484, 2007-1-5, 2016-7-17, North America plate
OTHL, -119.168000, 46.823000, 1.723664, 0.075169, -1.328480, 0.043311, 0.046444, 0.159913, 2007-8-6, 2017-8-19, North America plate
OYLR, -122.205000, 47.475000, 3.295200, 1.271212, -1.715522, 0.179354, 0.136974, 0.495800, 2007-1-1, 2017-8-19, North America plate
P017, -119.936000, 41.276000, 2.479379, -0.339033, 0.648167, 0.062804, 0.047093, 0.033009, 2007-1-1, 2017-8-19, North America plate
P020, -118.566000, 47.002000, 1.841337, 0.136423, 1.231299, 0.057407, 0.069550, 0.027139, 2007-1-1, 2017-8-19, North America plate
P021, -118.730000, 48.675000, 1.159542, 1.604374, 0.855162, 0.074071, 0.480119, 0.088708, 2007-1-1, 2017-5-25, North America plate
P022, -118.014000, 45.232000, 1.761559, 0.193410, 1.346932, 0.095883, 0.190059, 0.148423, 2007-1-1, 2017-7-26, North America plate
P058, -124.075000, 40.876000, 20.436732, 5.186899, 0.623136, 0.292212, 0.946727, 0.873906, 2007-1-1, 2017-8-19, North America plate
P060, -122.415000, 40.998000, 3.818357, -0.319965, 0.491469, 0.094485, 0.130235, 0.021101, 2007-1-1, 2017-8-19, North America plate
P061, -124.014000, 42.967000, 5.999090, 2.828634, 1.560800, 0.034553, 0.145885, 0.031230, 2007-1-1, 2016-9-9, North America plate
P062, -121.091000, 43.112000, 2.881078, 0.002680, 0.855873, 0.104041, 0.318120, 0.225709, 2007-11-3, 2017-1-19, North America plate
P063, -120.946000, 44.923000, 2.697970, 0.706243, -0.302519, 0.039634, 0.046906, 0.026347, 2007-1-1, 2017-8-19, North America plate
P065, -120.933000, 46.844000, 2.947158, 0.637756, 0.249030, 0.051103, 0.047688, 0.023769, 2007-1-1, 2017-8-19, North America plate
P137, -119.477000, 40.780000, 2.361568, -0.676908, 0.474672, 0.077277, 0.109958, 0.048747, 2007-12-2, 2017-8-19, North America plate
P138, -119.010000, 40.242000, 2.321285, -0.633695, 0.525683, 0.103834, 0.145911, 0.041767, 2007-4-14, 2017-8-19, North America plate
P145, -119.624000, 41.358000, -0.356857, 0.664810, 0.427236, 0.064676, 0.061293, 0.032919, 2007-1-25, 2017-8-18, North America plate
P148, -120.806000, 40.419000, 0.572148, 0.940963, -0.660292, 0.022302, 0.023770, 0.060818, 2007-1-1, 2017-8-19, North America plate
P151, -120.077000, 40.289000, 1.254337, 0.502036, 1.130001, 0.061733, 0.085964, 0.035659, 2008-9-19, 2017-8-19, North America plate
P154, -123.360000, 41.807000, 4.518102, 2.887585, 0.906276, 0.049114, 0.047164, 0.139117, 2007-5-11, 2017-8-19, North America plate
P155, -123.189000, 41.272000, 5.762479, 1.236666, -0.640931, 0.290350, 0.309548, 0.945922, 2007-9-19, 2017-8-19, North America plate
P156, -123.906000, 40.024000, 6.291239, 2.748060, 1.001218, 0.606683, 0.506810, 1.653484, 2007-1-1, 2017-8-19, North America plate
P157, -124.308000, 40.248000, 7.408443, 10.495381, 1.945579, 0.291774, 0.461307, 5.510639, 2007-1-1, 2017-4-20, North America plate
P158, -124.107000, 40.422000, 13.803790, 9.063398, 8.439691, 0.857510, 0.820594, 2.771879, 2007-1-1, 2017-8-19, North America plate
P159, -124.283000, 40.505000, 23.058990, 4.669429, 1.195958, 0.690668, 0.964187, 2.051513, 2007-1-1, 2017-8-19, North America plate
P160, -124.133000, 40.551000, 16.421502, 9.245849, 1.858688, 0.319039, 0.287019, 0.996839, 2007-1-1, 2017-8-19, North America plate
P161, -124.213000, 40.637000, 19.638546, 9.654826, -0.769021, 0.881147, 0.895175, 1.830087, 2007-1-1, 2017-8-19, North America plate
P162, -124.237000, 40.691000, 21.282990, 9.174962, -0.153370, 0.284782, 0.351738, 4.459924, 2007-1-1, 2017-8-19, North America plate
P163, -124.057000, 40.220000, 11.698729, 2.478395, 3.230443, 0.313606, 0.502882, 4.509633, 2007-1-1, 2017-4-20, North America plate
P164, -123.693000, 40.119000, 4.413612, 3.374531, 1.911445, 0.041799, 0.042448, 0.123815, 2007-1-1, 2017-8-19, North America plate
P165, -123.853000, 40.246000, 7.307398, 5.822392, 3.191460, 0.440979, 0.536127, 1.607470, 2007-1-1, 2017-8-4, North America plate
P166, -123.863000, 40.435000, 12.868104, 4.480875, 1.451893, 0.312881, 0.439477, 1.129062, 2007-1-1, 2017-8-19, North America plate
P167, -123.880000, 40.544000, 15.069769, 3.786773, 1.833523, 0.235496, 0.183538, 0.795922, 2007-1-1, 2017-8-19, North America plate
P168, -123.881000, 40.669000, 17.164990, 3.154824, 1.818205, 0.710980, 0.579730, 4.041308, 2007-1-1, 2017-8-19, North America plate
P169, -123.968000, 40.791000, 19.275405, 3.825692, 2.691864, 0.285144, 0.382118, 0.930713, 2007-1-1, 2017-8-19, North America plate
P170, -123.863000, 40.880000, 8.387490, 4.653383, 5.222942, 0.280606, 0.296259, 0.868977, 2007-1-1, 2017-8-19, North America plate
P179, -123.686000, 42.099000, 5.014507, 2.925746, 0.847233, 0.024521, 0.021717, 0.070465, 2007-6-12, 2017-6-22, North America plate
P191, -123.632000, 42.275000, 4.689836, 2.622565, 0.705197, 0.024909, 0.024970, 0.073863, 2007-6-10, 2017-8-19, North America plate
P316, -124.086000, 41.559000, 6.818765, 3.970480, -0.300175, 0.332641, 0.316978, 1.033077, 2007-1-1, 2017-8-19, North America plate
P324, -123.656000, 40.257000, 7.915887, 1.901065, 0.915102, 0.042602, 0.040967, 0.137033, 2007-1-1, 2017-8-19, North America plate
P325, -123.883000, 41.152000, 9.361627, 3.728285, 1.910683, 0.554279, 0.258164, 0.861083, 2007-1-30, 2017-8-19, North America plate
P326, -123.699000, 40.575000, 4.212408, 2.434546, 1.229761, 0.275702, 0.276226, 0.866524, 2007-1-1, 2017-8-19, North America plate
P327, -123.573000, 40.479000, 2.040510, 2.135405, 1.635343, 0.053466, 0.048461, 0.146301, 2008-5-2, 2017-8-19, North America plate
P329, -123.452000, 40.082000, 5.055848, 0.515431, 1.254489, 0.041847, 0.040718, 0.135988, 2007-9-21, 2017-8-19, North America plate
P330, -123.136000, 40.324000, 1.257923, 0.671508, 1.001298, 0.051018, 0.043651, 0.136661, 2007-6-15, 2017-8-19, North America plate
P331, -123.324000, 40.733000, 4.087766, 1.381733, -0.011862, 0.318711, 0.286375, 0.990117, 2007-6-20, 2017-8-19, North America plate
P332, -123.175000, 40.547000, 2.280030, 0.676702, 1.129704, 0.321787, 0.320052, 0.973236, 2007-1-1, 2017-8-19, North America plate
P337, -122.869000, 40.296000, 1.651439, 0.254550, 0.180960, 0.025213, 0.024576, 0.053335, 2007-6-13, 2017-8-19, North America plate
P338, -122.923000, 40.748000, 3.556620, 0.409261, 0.790725, 0.064214, 0.051626, 0.025188, 2007-1-1, 2017-8-19, North America plate
P339, -122.668000, 40.034000, 1.404039, 0.228679, 1.028087, 0.195424, 0.137636, 0.030876, 2007-4-26, 2017-8-19, North America plate
P341, -122.607000, 40.651000, 2.775056, 0.121643, 0.379959, 0.086506, 0.053572, 0.022662, 2007-1-1, 2017-8-19, North America plate
P343, -123.334000, 40.887000, 4.540032, 1.204915, 0.652982, 0.535946, 0.305955, 0.952530, 2007-6-21, 2017-8-19, North America plate
P345, -122.271000, 40.271000, 1.607056, 0.172113, 0.402596, 0.143708, 0.300487, 0.406354, 2007-1-1, 2017-8-19, North America plate
P347, -120.948000, 41.183000, 1.603534, 0.119532, 0.646648, 0.051313, 0.116722, 0.026874, 2007-9-14, 2017-8-19, North America plate
P348, -121.828000, 40.906000, 3.023321, -0.646680, 0.535501, 0.059455, 0.067910, 0.025626, 2007-1-1, 2017-8-19, North America plate
P349, -122.319000, 40.731000, 2.881800, -0.110086, 0.151601, 0.085197, 0.040968, 0.022752, 2007-1-1, 2017-8-19, North America plate
P362, -124.226000, 42.209000, 7.171247, 3.557227, 3.151413, 0.021324, 0.017478, 0.059008, 2007-6-14, 2017-8-19, North America plate
P363, -124.054000, 42.860000, 6.146173, 2.881306, 1.599587, 0.041834, 0.122365, 0.033177, 2007-6-8, 2017-7-10, North America plate
P364, -124.409000, 43.090000, 9.396192, 4.745820, 3.046798, 1.286433, 1.070813, 3.640622, 2007-10-9, 2017-5-27, North America plate
P365, -124.253000, 43.396000, 7.805016, 3.288927, 2.172107, 0.056593, 0.188139, 0.210637, 2007-8-2, 2016-12-29, North America plate
P366, -123.980000, 43.614000, 6.476904, 2.307886, 2.696987, 0.025404, 0.022233, 0.065406, 2008-5-7, 2017-5-15, North America plate
P367, -124.062000, 44.585000, 9.784537, 4.100867, 1.214039, 0.031962, 0.048652, 0.036550, 2007-2-15, 2017-8-19, North America plate
P368, -123.383000, 42.504000, 3.855517, 2.335970, 1.166490, 0.043821, 0.096013, 0.027970, 2007-1-1, 2017-8-19, North America plate
P369, -123.429000, 43.140000, 4.409189, 2.069828, 1.059270, 0.105087, 0.130555, 0.027435, 2007-1-1, 2017-8-19, North America plate
P370, -122.656000, 42.191000, 3.518928, 2.042311, 0.671917, 0.105286, 0.057921, 0.022811, 2007-1-1, 2017-8-19, North America plate
P371, -123.058000, 43.363000, 4.021123, 1.714980, 1.041801, 0.039374, 0.074626, 0.021955, 2007-1-1, 2017-8-19, North America plate
P373, -123.333000, 43.623000, 4.432388, 1.588573, 0.973179, 0.079148, 1.083916, 0.202530, 2007-1-1, 2017-8-19, North America plate
P374, -123.591000, 44.382000, 6.600349, 3.103212, 0.575767, 0.045261, 0.050098, 0.139715, 2007-1-1, 2017-8-19, North America plate
P375, -123.427000, 44.689000, 6.805430, 3.083810, 2.382380, 0.048250, 0.050244, 0.148283, 2007-10-6, 2017-7-6, North America plate
P376, -123.102000, 44.941000, 5.701827, 3.161085, 1.267256, 0.024047, 0.062927, 0.026792, 2007-1-1, 2017-8-19, North America plate
P377, -122.887000, 44.052000, 4.268363, 1.031179, 0.812765, 0.043210, 0.075703, 0.024241, 2007-1-1, 2017-8-19, North America plate
P378, -122.931000, 44.535000, 4.490660, 1.265153, 1.305450, 0.074764, 0.079802, 0.024527, 2007-6-28, 2017-8-19, North America plate
P379, -122.577000, 44.497000, 3.911054, 1.097726, 0.050886, 0.036158, 0.089553, 0.026014, 2007-1-1, 2014-10-30, North America plate
P380, -121.780000, 42.260000, 2.320923, 0.601720, 0.321341, 0.011656, 0.010582, 0.033783, 2007-1-1, 2017-7-21, North America plate
P381, -119.952000, 43.002000, 3.333934, -0.557299, 0.624264, 0.115228, 0.232733, 0.215548, 2007-11-1, 2016-12-31, North America plate
P382, -121.770000, 43.177000, 3.433954, 0.348565, -0.151381, 0.083390, 0.050850, 0.030914, 2008-8-9, 2017-8-19, North America plate
P383, -122.217000, 44.342000, 3.385408, 0.773165, 0.815079, 0.085770, 0.190065, 0.137416, 2007-8-16, 2016-7-26, North America plate
P384, -122.483000, 44.841000, 3.681034, 1.154689, 0.685408, 0.053249, 0.055088, 0.164059, 2008-8-8, 2016-12-28, North America plate
P386, -118.968000, 44.403000, 1.652491, 0.265054, 1.335657, 0.011504, 0.015405, 0.038067, 2007-7-13, 2017-5-15, North America plate
P387, -121.574000, 44.297000, 3.531666, 1.235221, -0.394259, 0.018444, 0.014249, 0.047947, 2007-1-1, 2017-6-2, North America plate
P388, -120.378000, 42.469000, 2.015595, -0.111626, 0.508854, 0.123417, 0.101154, 0.030124, 2007-1-1, 2017-8-19, North America plate
P389, -120.603000, 43.812000, 1.996280, 0.735734, 1.091943, 0.098035, 0.132785, 0.270383, 2007-10-28, 2016-12-28, North America plate
P390, -118.928000, 43.034000, 0.873254, -0.427155, 2.110662, 0.019939, 0.018367, 0.056545, 2007-9-20, 2017-1-19, North America plate
P391, -118.412000, 42.255000, 0.749178, -0.401670, 1.515658, 0.018815, 0.017012, 0.053929, 2008-5-23, 2016-12-28, North America plate
P392, -119.001000, 43.447000, 1.195792, 0.243042, -0.422222, 0.112574, 0.238247, 0.139909, 2007-7-12, 2017-8-19, North America plate
P395, -123.858000, 45.022000, 8.448844, 3.805742, 2.574914, 0.049431, 0.051321, 0.136347, 2007-1-1, 2017-5-18, North America plate
P396, -123.823000, 45.310000, 8.066483, 4.356682, 1.762740, 0.073023, 0.550067, 0.355410, 2007-3-1, 2017-8-19, North America plate
P397, -123.799000, 46.422000, 6.354966, 3.142674, 2.420996, 0.088810, 0.287895, 0.097985, 2007-3-21, 2017-8-19, North America plate
P398, -123.916000, 46.926000, 11.113668, 3.882493, 2.760203, 0.035286, 0.051637, 0.027775, 2007-1-1, 2017-8-19, North America plate
P399, -123.613000, 47.434000, 8.138077, 1.844712, 3.079142, 0.063889, 0.061906, 0.035128, 2008-7-24, 2016-3-12, North America plate
P400, -123.812000, 47.513000, 11.648637, 3.714492, 4.091370, 0.026797, 0.022724, 0.090353, 2008-3-7, 2017-8-19, North America plate
P401, -124.557000, 47.937000, 17.128595, 7.038519, 2.801649, 0.030735, 0.056900, 0.036106, 2007-1-1, 2017-8-19, North America plate
P402, -124.306000, 47.766000, 15.807840, 7.096681, 3.658920, 0.108643, 1.416382, 0.116230, 2007-4-5, 2017-8-19, North America plate
P403, -124.141000, 48.062000, 11.491851, 5.079128, 3.732516, 0.183047, 0.071398, 0.041688, 2007-1-3, 2017-8-19, North America plate
P404, -123.390000, 45.159000, 6.146251, 3.322757, 1.262293, 0.030840, 0.047949, 0.029345, 2007-1-1, 2017-8-19, North America plate
P405, -123.644000, 45.629000, 6.820787, 3.468027, 0.972869, 0.056044, 0.073750, 0.036747, 2007-5-5, 2017-8-19, North America plate
P406, -123.152000, 45.190000, 5.563306, 2.964049, 1.286233, 0.012964, 0.012212, 0.035273, 2007-1-1, 2017-1-19, North America plate
P407, -123.931000, 45.955000, 11.119957, 3.369365, 2.779953, 0.056079, 0.046475, 0.054680, 2007-1-1, 2017-8-19, North America plate
P408, -123.377000, 46.201000, 6.228058, 2.199153, 1.064350, 0.039646, 0.057202, 0.028696, 2007-1-1, 2017-8-19, North America plate
P409, -123.239000, 45.851000, 5.199340, 2.959147, 1.450311, 0.011360, 0.012957, 0.035181, 2007-1-1, 2017-8-15, North America plate
P410, -123.079000, 46.111000, 5.730618, 2.177987, 0.693779, 0.032813, 0.158228, 0.030765, 2008-5-30, 2017-8-19, North America plate
P411, -123.157000, 45.538000, 5.327960, 2.779921, 1.209897, 0.081855, 0.217961, 0.089310, 2007-1-1, 2017-8-19, North America plate
P412, -122.589000, 45.221000, 5.725944, 1.969747, -0.064317, 0.046394, 0.039193, 0.128955, 2007-1-1, 2017-5-16, North America plate
P413, -120.150000, 48.427000, 2.749774, 0.447812, 0.486153, 0.086476, 0.068163, 0.025179, 2008-7-17, 2017-8-19, North America plate
P414, -122.693000, 45.835000, 5.556803, 1.852137, 0.699689, 0.074507, 0.385353, 0.082042, 2007-1-1, 2017-8-19, North America plate
P415, -123.730000, 46.656000, 9.338710, 3.635226, 0.997450, 0.074691, 0.414827, 0.097455, 2007-1-12, 2017-8-19, North America plate
P416, -121.597000, 47.040000, 3.445251, 1.241466, 0.667866, 0.061904, 0.036410, 0.024364, 2008-7-26, 2017-8-19, North America plate
P417, -123.298000, 46.575000, 5.391771, 1.952436, 0.424774, 0.039461, 0.063366, 0.029571, 2007-1-1, 2017-8-19, North America plate
P418, -123.408000, 47.237000, 7.120588, 2.169477, 1.467687, 0.033835, 0.053185, 0.032065, 2007-1-1, 2017-8-19, North America plate
P419, -123.367000, 47.409000, 6.888951, 1.657588, 1.724821, 0.042986, 0.078844, 0.029276, 2008-7-25, 2017-3-30, North America plate
P420, -122.866000, 46.589000, 4.476870, 1.393635, 0.978416, 0.026965, 0.026385, 0.052295, 2007-1-1, 2017-5-17, North America plate
P421, -122.429000, 46.532000, 3.765827, 1.746846, 0.368472, 0.090792, 0.756715, 0.116577, 2007-1-3, 2017-8-19, North America plate
P423, -122.941000, 47.288000, 5.185435, 2.183103, 0.319283, 0.082641, 0.449300, 0.105691, 2007-1-1, 2017-8-8, North America plate
P424, -122.875000, 47.823000, 7.604756, 1.689578, 1.536636, 0.098616, 0.223659, 0.108566, 2008-8-27, 2017-8-19, North America plate
P425, -122.845000, 46.453000, 4.590328, 1.521786, 0.022373, 0.045069, 0.081548, 0.028860, 2008-7-30, 2017-8-19, North America plate
P426, -122.515000, 47.803000, 4.874936, 1.572240, -1.623905, 0.021507, 0.018800, 0.053670, 2007-1-1, 2017-8-19, North America plate
P427, -122.341000, 45.430000, 5.147821, 1.765138, -0.208688, 0.012660, 0.010543, 0.034410, 2007-1-1, 2017-5-13, North America plate
P429, -121.877000, 45.676000, 4.235656, 2.290037, -0.758938, 0.186089, 0.175032, 0.076028, 2007-1-1, 2017-8-19, North America plate
P430, -123.436000, 47.004000, 7.502331, 2.480600, 0.943279, 0.067138, 0.065104, 0.033223, 2007-1-1, 2017-6-27, North America plate
P431, -121.988000, 46.572000, 4.428233, 2.082186, 0.059970, 0.102635, 0.134103, 0.123926, 2007-1-1, 2017-8-19, North America plate
P432, -121.683000, 46.623000, 3.786166, 1.431796, -0.061864, 0.016851, 0.015521, 0.048014, 2007-1-1, 2017-8-19, North America plate
P433, -119.872000, 44.533000, 1.959374, 0.444693, 0.771598, 0.018257, 0.023666, 0.053421, 2008-5-21, 2017-7-6, North America plate
P434, -121.076000, 47.740000, 3.502554, 1.154739, 0.443769, 0.101208, 0.023155, 0.016653, 2008-6-20, 2017-8-19, North America plate
P435, -123.503000, 48.060000, 9.069212, 2.528705, 0.589039, 0.016732, 0.022478, 0.052658, 2007-1-1, 2017-8-19, North America plate
P436, -123.134000, 48.045000, 7.634797, 2.242308, 1.092538, 0.073468, 0.047057, 0.029029, 2007-1-1, 2017-8-19, North America plate
P437, -122.459000, 48.002000, 4.471463, 1.216088, 0.098437, 0.056554, 0.044746, 0.023913, 2007-9-7, 2017-8-19, North America plate
P438, -122.670000, 48.419000, 5.247901, 2.096671, -0.181067, 0.057705, 0.060347, 0.026982, 2007-1-1, 2017-8-19, North America plate
P439, -122.909000, 48.708000, 5.491424, 2.292712, 0.268407, 0.053064, 0.038299, 0.027053, 2007-1-1, 2017-8-19, North America plate
P440, -122.493000, 48.856000, 4.889563, 1.526526, 0.833787, 0.048947, 0.050809, 0.143355, 2007-1-7, 2017-6-6, North America plate
P441, -122.140000, 48.916000, 4.010858, 0.811583, 0.542355, 0.118282, 0.046657, 0.025904, 2008-9-3, 2017-8-19, North America plate
P442, -121.616000, 48.260000, 3.398078, 0.806554, 1.304163, 0.104846, 0.266595, 0.075462, 2007-1-1, 2017-8-19, North America plate
P443, -121.286000, 48.510000, 3.362833, 1.355877, 0.889075, 0.031537, 0.038682, 0.105954, 2008-6-13, 2017-8-19, North America plate
P444, -121.068000, 48.730000, 3.420256, 1.196398, -0.699001, 0.149290, 0.143381, 0.094003, 2007-1-1, 2017-8-19, North America plate
P445, -120.672000, 45.590000, 2.619941, 0.678220, -0.345331, 0.017585, 0.017793, 0.056236, 2007-1-1, 2017-1-19, North America plate
P446, -122.893000, 46.116000, 5.330645, 1.913875, 0.457174, 0.039266, 0.063471, 0.031394, 2007-9-6, 2017-8-19, North America plate
P447, -119.690000, 45.453000, 1.991338, -0.108714, 0.719245, 0.012162, 0.011198, 0.039132, 2007-11-5, 2016-12-28, North America plate
P448, -120.005000, 45.911000, 2.624419, 0.391182, -0.842540, 0.064178, 0.060218, 0.034754, 2007-1-1, 2017-8-19, North America plate
P449, -119.631000, 46.260000, 2.192496, 0.617549, 0.015676, 0.054024, 0.065745, 0.030839, 2007-1-1, 2017-8-19, North America plate
P450, -119.544000, 45.953000, 2.089113, 0.389506, 0.056059, 0.056136, 0.050886, 0.031665, 2007-1-1, 2017-8-19, North America plate
P451, -119.041000, 46.793000, 2.048135, 0.332650, 0.769865, 0.100880, 0.119347, 0.028911, 2007-1-1, 2017-8-19, North America plate
P452, -119.487000, 47.404000, 2.286012, 0.274051, 0.620605, 0.013689, 0.012526, 0.042080, 2007-1-1, 2017-8-19, North America plate
P453, -118.745000, 47.759000, 2.049483, 0.096636, 1.047087, 0.056687, 0.054649, 0.026529, 2007-1-1, 2017-8-19, North America plate
P454, -118.993000, 47.954000, 2.166944, 0.166414, 0.996609, 0.067433, 0.050539, 0.029089, 2007-1-1, 2017-8-19, North America plate
P672, -121.507000, 41.712000, 1.034676, 0.457928, -1.355211, 0.108096, 0.322914, 0.180454, 2007-1-1, 2017-8-19, North America plate
P687, -122.355000, 46.110000, 4.105100, 0.940278, 0.585877, 0.137639, 0.218949, 0.198786, 2007-1-1, 2016-8-9, North America plate
P702, -122.346000, 46.300000, 3.282340, 2.341445, 0.565278, 0.055886, 0.079481, 0.021264, 2007-1-1, 2017-8-19, North America plate
P730, -120.828000, 41.359000, 1.899772, 0.172057, 0.460879, 0.122386, 0.351431, 0.455950, 2007-9-13, 2017-8-19, North America plate
P731, -120.473000, 41.333000, 0.801208, 0.687252, 0.309508, 0.074249, 0.064883, 0.037788, 2007-9-12, 2017-8-19, North America plate
P732, -123.891000, 43.392000, 5.383192, 2.043194, 1.913072, 0.027724, 0.027110, 0.087455, 2008-5-13, 2017-1-4, North America plate
P733, -124.413000, 42.442000, 9.016585, 4.407031, 3.492955, 0.016168, 0.017260, 0.054271, 2008-12-4, 2017-7-6, North America plate
P734, -124.293000, 42.077000, 7.493008, 4.144750, 3.067408, 0.047221, 0.041621, 0.133108, 2007-10-10, 2017-7-6, North America plate
P735, -123.231000, 42.692000, 3.658697, 1.848488, 1.179185, 0.113271, 0.225102, 0.121311, 2008-8-11, 2017-2-27, North America plate
P736, -121.880000, 42.580000, 2.793911, 0.795758, -0.110450, 0.047801, 0.044337, 0.153260, 2008-5-7, 2017-7-6, North America plate
P737, -122.610000, 42.727000, 3.648077, 1.820218, -0.611362, 0.205794, 0.197025, 0.246898, 2008-6-26, 2017-8-7, North America plate
P738, -119.659000, 42.546000, 0.471349, 0.003521, 0.990008, 0.084510, 0.122676, 0.041562, 2008-5-8, 2017-1-16, North America plate
P784, -122.420000, 41.831000, 3.364856, 2.017069, 0.980165, 0.059819, 0.052993, 0.168969, 2008-8-22, 2017-5-26, North America plate
P786, -123.981000, 41.845000, 6.532448, 4.189406, 2.377349, 0.050502, 0.049811, 0.155184, 2008-8-21, 2017-8-19, North America plate
P793, -123.573000, 40.479000, 2.108159, 1.719901, 1.953071, 0.446987, 0.563802, 1.226015, 2009-4-30, 2017-8-19, North America plate
PABH, -124.205000, 47.213000, 14.659429, 6.289686, 1.643865, 0.035225, 0.046413, 0.032629, 2007-1-1, 2017-8-19, North America plate
PCOL, -122.571000, 47.172000, 4.219628, 1.869648, -0.370789, 0.056839, 0.042063, 0.142926, 2007-1-1, 2017-8-19, North America plate
PCSO, -123.328000, 44.919000, 6.291558, 2.736237, 0.219481, 0.032364, 0.032467, 0.094925, 2007-8-10, 2015-4-20, North America plate
PDTN, -118.757000, 45.666000, 1.743695, -0.069329, 2.283781, 0.055201, 0.092624, 0.054815, 2011-11-2, 2017-8-19, North America plate
PDXA, -122.609000, 45.597000, 5.293051, 1.357098, -2.104821, 0.056726, 0.045853, 0.159154, 2007-2-1, 2017-8-19, North America plate
PER1, -122.208000, 47.982000, 4.723257, 3.412472, -1.918898, 0.064560, 0.083648, 0.035846, 2007-1-3, 2011-12-26, North America plate
PFLD, -122.282000, 47.899000, 3.654047, 1.994711, 0.527216, 0.059805, 0.052290, 0.147573, 2007-1-2, 2017-8-19, North America plate
PGC5, -123.451000, 48.649000, 6.585913, 2.874738, 1.510315, 0.059897, 0.029722, 0.032900, 2007-1-2, 2017-8-19, North America plate
PKDL, -121.564000, 45.518000, 4.045164, 1.420723, 0.736109, 0.132544, 0.198912, 0.373531, 2008-12-21, 2017-8-19, North America plate
PKWD, -121.677000, 46.600000, 3.289547, 1.244455, -0.305295, 0.074806, 0.073569, 0.265395, 2008-4-9, 2015-3-14, North America plate
PLNA, -119.967000, 44.132000, 1.566402, 0.618917, 0.902271, 0.030028, 0.029606, 0.053731, 2012-11-5, 2017-8-19, North America plate
PNCL, -123.415000, 48.101000, 7.989674, 2.570212, -7.675649, 0.080284, 0.128665, 0.074199, 2007-1-1, 2012-1-24, North America plate
PNVL, -120.845000, 44.312000, 2.439476, 0.791144, 0.728942, 0.043502, 0.050413, 0.037938, 2009-10-16, 2017-8-19, North America plate
PRDY, -122.609000, 47.391000, 3.989926, 1.245566, 0.235433, 0.048546, 0.041132, 0.129691, 2007-1-2, 2017-8-19, North America plate
PRSR, -119.791000, 46.216000, 1.914152, 0.548109, 1.512539, 0.038793, 0.035694, 0.117443, 2007-8-6, 2017-3-17, North America plate
PSEA, -122.320000, 47.451000, 5.203335, 1.725016, -1.122393, 0.019399, 0.047036, 0.031270, 2007-1-1, 2014-10-4, North America plate
PSPT, -122.490000, 42.755000, 3.440807, 2.032277, 0.185518, 0.092173, 0.125550, 0.133315, 2007-4-4, 2017-8-19, North America plate
PTAA, -123.494000, 48.117000, 8.869382, 2.127302, 2.413436, 0.091748, 0.089962, 0.035281, 2011-12-1, 2017-8-19, North America plate
PTAL, -124.861000, 49.256000, 7.862231, 3.415308, 4.578340, 0.019777, 0.020893, 0.059033, 2007-1-1, 2017-8-19, North America plate
PTRF, -124.413000, 48.544000, 9.210559, 4.575062, 2.969046, 0.189158, 0.199888, 0.338115, 2007-5-26, 2017-8-19, North America plate
PTSG, -124.255000, 41.783000, 9.733054, 5.319632, 3.901287, 0.291085, 0.250684, 0.971345, 2007-1-1, 2017-8-19, North America plate
PUPU, -122.008000, 47.500000, 2.952701, 1.585289, 0.315378, 0.061519, 0.112963, 0.036617, 2007-1-1, 2017-8-19, North America plate
QMAR, -120.966000, 47.775000, 3.340752, 0.740769, -1.584183, 0.057684, 0.064021, 0.264840, 2007-2-9, 2017-8-19, North America plate
QUAD, -125.331000, 50.132000, 4.701764, 2.817089, 4.784148, 0.026509, 0.027866, 0.069273, 2007-1-1, 2017-8-19, North America plate
REDM, -121.148000, 44.260000, 2.477180, 0.954299, -0.363275, 0.109242, 0.268011, 0.183246, 2007-1-1, 2017-8-19, North America plate
REED, -124.108000, 43.701000, 7.243833, 2.918352, 0.807400, 0.035185, 0.154738, 0.063607, 2009-8-5, 2017-8-19, North America plate
RIC2, -119.278000, 46.277000, 1.812633, 0.496360, 0.392444, 0.079859, 0.064759, 0.040928, 2008-4-10, 2017-6-27, North America plate
RKD1, -119.413000, 48.964000, 1.534170, 1.130777, 1.374925, 0.067795, 0.113535, 0.033040, 2011-12-29, 2017-8-19, North America plate
RMDB, -121.148000, 44.260000, 2.474313, 0.909730, -0.287980, 0.044584, 0.063648, 0.028056, 2007-1-1, 2017-5-30, North America plate
RMRK, -120.792000, 46.749000, 3.144673, -0.021942, 0.963217, 2.084173, 1.907167, 6.772260, 2008-8-24, 2017-3-17, North America plate
RPT5, -122.375000, 47.388000, 4.108595, 1.643368, -0.166608, 0.052915, 0.069533, 0.025467, 2008-5-3, 2017-8-19, North America plate
RPT6, -122.375000, 47.387000, 4.543760, 1.564084, -0.688720, 0.044191, 0.076227, 0.027203, 2008-4-24, 2017-8-19, North America plate
RYMD, -123.730000, 46.684000, 8.715752, 3.095431, 2.012076, 0.050117, 0.036993, 0.046567, 2007-12-31, 2017-3-17, North America plate
SAMM, -122.033000, 47.540000, 3.985606, 0.736152, -2.196033, 0.029386, 0.085653, 0.053170, 2008-10-18, 2017-8-19, North America plate
SC00, -120.725000, 46.951000, 2.696074, 1.162184, 0.031751, 0.084132, 0.084127, 0.027068, 2007-1-1, 2017-8-19, North America plate
SC02, -123.008000, 48.546000, 5.739312, 2.261256, 0.330040, 0.126516, 0.722073, 0.091325, 2007-1-1, 2017-8-19, North America plate
SC04, -123.704000, 48.923000, 6.726196, 2.881456, 1.825442, 0.040533, 0.050127, 0.028384, 2007-1-1, 2017-8-19, North America plate
SCMV, -122.337000, 48.418000, 4.681466, 1.421659, 0.135815, 0.049263, 0.047839, 0.033052, 2007-6-29, 2016-8-22, North America plate
SEAI, -122.256000, 47.687000, 4.030663, 1.399067, -1.359198, 0.044806, 0.071511, 0.027130, 2007-1-1, 2014-1-27, North America plate
SEAS, -123.922000, 45.984000, 8.860436, 3.509978, 2.660328, 0.035980, 0.018257, 0.044297, 2008-8-24, 2017-8-19, North America plate
SEAT, -122.309000, 47.654000, 4.183231, 1.345375, -0.175126, 0.039302, 0.048812, 0.022618, 2007-1-1, 2017-8-19, North America plate
SEDK, -122.239000, 48.504000, 4.151018, 1.498091, -1.263108, 0.045833, 0.094298, 0.039857, 2007-6-5, 2012-7-22, North America plate
SEDR, -122.224000, 48.522000, 4.462758, 1.542585, -0.044028, 0.056589, 0.048915, 0.025695, 2007-1-1, 2017-8-19, North America plate
SHIN, -120.225000, 40.592000, 1.570440, 0.431877, 0.902764, 0.056959, 0.179884, 0.030957, 2007-1-1, 2017-8-19, North America plate
SHLD, -119.016000, 41.868000, 0.146621, 0.028587, 0.883679, 0.105542, 0.311107, 0.245533, 2007-1-1, 2017-8-19, North America plate
SKMA, -121.884000, 45.694000, 4.831291, 1.045203, 0.158675, 0.071390, 0.060383, 0.201667, 2007-1-1, 2014-7-17, North America plate
SMAI, -122.345000, 47.524000, 4.076702, 1.325538, 0.332367, 0.055757, 0.041615, 0.138652, 2007-1-1, 2017-8-19, North America plate
SNOQ, -121.388000, 47.391000, 3.094610, 0.383339, -0.019929, 0.093924, 0.071185, 0.358327, 2007-11-15, 2017-3-17, North America plate
SPRA, -119.776000, 44.827000, 1.953811, 0.736328, 0.831510, 0.059087, 0.060720, 0.185424, 2011-11-16, 2017-8-19, North America plate
SQIM, -123.102000, 48.082000, 7.130418, 2.535706, -0.740362, 0.048638, 0.084430, 0.033296, 2007-5-17, 2014-9-22, North America plate
SSHO, -122.315000, 47.682000, 4.288259, 0.835204, 0.324608, 0.209535, 0.176539, 0.659824, 2007-1-1, 2017-8-19, North America plate
STAY, -122.821000, 44.831000, 4.217444, 1.304759, 1.079811, 0.070491, 1.205862, 0.225550, 2007-1-1, 2017-8-19, North America plate
STHM, -122.734000, 44.396000, 4.566044, 1.163468, -1.063352, 0.022234, 0.021585, 0.065593, 2007-2-27, 2017-8-19, North America plate
SUHS, -123.329000, 42.987000, 4.161289, 1.730558, 1.417807, 0.013686, 0.035361, 0.033936, 2009-8-26, 2016-8-4, North America plate
TACO, -122.472000, 47.229000, 4.185900, 1.141195, -0.641669, 0.056787, 0.223647, 0.209709, 2008-5-29, 2017-8-19, North America plate
TDLS, -121.130000, 45.608000, 2.076052, 0.534022, -0.441493, 0.035096, 0.037096, 0.115965, 2007-12-19, 2017-8-19, North America plate
TFNO, -125.908000, 49.154000, 10.995087, 6.725200, 0.637044, 0.437002, 0.381627, 1.078612, 2008-10-4, 2017-8-19, North America plate
THUN, -122.288000, 47.106000, 4.284301, 1.968233, 0.043272, 0.011533, 0.010095, 0.029258, 2007-1-2, 2017-8-9, North America plate
TILL, -123.831000, 45.455000, 7.394814, 3.899985, 1.464125, 0.070008, 0.102021, 0.330139, 2008-8-24, 2017-8-19, North America plate
TPW2, -123.768000, 46.207000, 7.089414, 2.929508, 2.162665, 0.104844, 0.113632, 0.123531, 2007-1-1, 2017-8-19, North America plate
TRND, -124.151000, 41.054000, 21.586441, 4.170123, 0.336296, 0.336602, 0.309384, 0.958236, 2007-1-1, 2017-8-19, North America plate
TUMW, -122.912000, 46.984000, 6.017256, 2.467707, 0.007789, 0.072221, 0.054446, 0.058719, 2007-5-14, 2017-8-19, North America plate
TUNG, -118.258000, 40.403000, 2.547783, -1.118337, 0.634485, 0.114290, 1.253513, 0.168162, 2007-1-1, 2017-8-19, North America plate
TWHL, -122.923000, 47.016000, 5.776482, 2.145157, 2.351360, 0.049102, 0.047100, 0.135973, 2007-1-1, 2017-7-13, North America plate
UCLU, -125.542000, 48.926000, 11.133718, 6.097572, 3.510319, 0.027955, 0.028910, 0.061091, 2007-1-20, 2017-8-19, North America plate
UFDA, -122.667000, 47.755000, 5.291085, 1.189612, 0.097843, 0.090935, 0.093935, 0.122510, 2007-10-6, 2017-3-17, North America plate
UKIA, -118.937000, 45.133000, 1.698670, 0.009054, 1.463347, 0.136667, 0.034219, 0.041174, 2011-7-3, 2017-8-19, North America plate
VCWA, -122.516000, 45.618000, 5.880510, 1.330974, 6.729757, 0.041017, 0.033441, 0.135279, 2008-1-9, 2017-3-17, North America plate
VRNT, -119.732000, 46.637000, 2.325012, 0.382199, 1.063277, 0.063154, 0.069771, 0.197294, 2007-10-6, 2017-3-17, North America plate
WALA, -118.258000, 46.092000, 1.596024, 0.435201, 0.868597, 0.050605, 0.052565, 0.184226, 2007-5-5, 2017-3-17, North America plate
WAMC, -121.274000, 45.224000, 2.910871, 0.892771, -1.280318, 0.048451, 0.057748, 0.036294, 2009-4-2, 2017-8-19, North America plate
WAPO, -122.569000, 47.803000, 5.025563, 1.538894, -1.438099, 0.047875, 0.032896, 0.029530, 2007-1-1, 2017-8-19, North America plate
WASQ, -121.826000, 47.527000, 3.549310, 2.335904, -3.143979, 0.169399, 0.042600, 0.633207, 2007-1-25, 2017-8-19, North America plate
WDBN, -122.870000, 45.171000, 5.450102, 2.466839, -1.869383, 0.124595, 0.159342, 0.054392, 2007-1-1, 2017-8-19, North America plate
WDCB, -122.541000, 40.580000, 2.635454, -0.597190, 0.836944, 0.107756, 0.094025, 0.037082, 2011-5-7, 2017-8-19, North America plate
WHD5, -122.696000, 48.313000, 5.462434, 2.297638, 0.536725, 0.078212, 0.070463, 0.031710, 2008-4-17, 2017-8-19, North America plate
WHD6, -122.696000, 48.312000, 5.464909, 2.147491, 0.267569, 0.100384, 0.055578, 0.035521, 2008-4-18, 2017-8-19, North America plate
WMSG, -121.597000, 45.131000, 3.525250, 0.837229, 0.501684, 0.088861, 0.168418, 0.126746, 2009-9-22, 2017-8-19, North America plate
WNTH, -120.173000, 48.463000, 3.098381, 0.337988, -5.198473, 0.112141, 0.152276, 0.090304, 2007-8-6, 2014-10-8, North America plate
WOST, -126.605000, 50.212000, 5.368616, 3.395274, 3.402106, 0.591060, 0.489729, 1.156059, 2007-1-1, 2017-2-14, North America plate
WSLR, -122.921000, 50.127000, 4.660412, 0.366738, 4.546365, 0.239338, 0.109885, 0.215686, 2007-1-1, 2016-11-15, North America plate
XANE, -120.366000, 47.445000, 3.661330, 0.122429, 1.692326, 0.183715, 0.252171, 0.181769, 2012-2-17, 2017-8-19, North America plate
YAKI, -120.505000, 46.605000, 3.348661, 0.487516, -1.631964, 0.014073, 0.013208, 0.050922, 2007-1-1, 2017-8-19, North America plate
YBHB, -122.711000, 41.732000, 3.819841, 2.307127, 0.468111, 0.095945, 0.352767, 0.223089, 2007-1-1, 2017-8-19, North America plate
YELM, -122.606000, 46.949000, 5.111952, 1.964600, 0.309092, 0.012928, 0.011259, 0.033623, 2007-1-2, 2017-8-19, North America plate
YONC, -123.298000, 43.634000, 4.480938, 1.180967, 1.185630, 0.099419, 0.166429, 0.268390, 2009-8-4, 2017-8-19, North America plate
ZSE1, -122.188000, 47.287000, 4.435774, 1.586488, 0.152034, 0.077391, 0.941943, 0.180562, 2007-1-1, 2017-8-19, North America plate
