year,region,minlat,maxlat,minlon,maxlon,channel_mode,vertical,skip_if_in,outdir,workers,legacy_script
2010,122-129,40,50,-129,-122,hh_bh_eh,Z,,picks_2010_122-129,4,parallel_pick_2010.py
2010,123-127_EH,40,50,-127,-123,eh_only,[3Z],,picks_2010_123-127_EH,2,parallel_pick_2010_123_127_EH.py
2010,122-123_46-50,45.8,50.2,-123.2,-121.8,hh_bh_eh,[3Z],122-129,picks_2010_122-123_46-50,4,parallel_pick_2010_122-123_46-50.py
2010,127-129_46-50,45.8,50.2,-129.2,-126.8,hh_bh_eh,[3Z],,picks_2010_127-129_46-50,3,parallel_pick_2010_127-129_46-50.py
2011,123-127_HH_BH,40,50,-127,-123,v1,,,picks_2011,4,parallel_pick_2011_HH_BH.py
2011,122-129,40,50,-129,-122,hh_bh_eh,Z,,picks_2011_122-129,4,parallel_pick_2011.py
2011,123-127_EH,40,50,-127,-123,eh_only,[3Z],,picks_2011_123-127_EH,3,parallel_pick_2011_123_127_EH.py
2011,122-123_46-50,45.8,50.2,-123.2,-121.8,hh_bh_eh,[3Z],122-129,picks_2011_122-123_46-50,4,parallel_pick_2011_122-123_46-50.py
2011,127-129_46-50,45.8,50.2,-129.2,-126.8,hh_bh_eh,[3Z],,picks_2011_127-129_46-50,3,parallel_pick_2011_127-129_46-50.py
2012,123-127_HH_BH,40,50,-127,-123,v1,,,picks_2012,4,parallel_pick_2012_HH_BH.py
2012,122-129,40,50,-129,-122,hh_bh_eh,Z,,picks_2012_122-129,4,parallel_pick_2012.py
2012,123-127_EH,40,50,-127,-123,eh_only,[3Z],,picks_2012_123-127_EH,3,parallel_pick_2012_123_127_EH.py
2012,122-123_46-50,45.8,50.2,-123.2,-121.8,hh_bh_eh,[3Z],122-129,picks_2012_122-123_46-50,4,parallel_pick_2012_122-123_46-50.py
2012,127-129_46-50,45.8,50.2,-129.2,-126.8,hh_bh_eh,[3Z],,picks_2012_127-129_46-50,3,parallel_pick_2012_127-129_46-50.py
2013,123-127_HH_BH,40,50,-127,-123,v1,,,picks_2013,4,parallel_pick_2013_HH_BH.py
2013,122-129,40,50,-129,-122,hh_bh_eh,Z,,picks_2013_122-129,2,parallel_pick_2013.py
2013,123-127_EH,40,50,-127,-123,eh_only,[3Z],,picks_2013_123-127_EH,3,parallel_pick_2013_123_127_EH.py
2013,122-123_46-50,45.8,50.2,-123.2,-121.8,hh_bh_eh,[3Z],122-129,picks_2013_122-123_46-50,4,parallel_pick_2013_122-123_46-50.py
2013,127-129_46-50,45.8,50.2,-129.2,-126.8,hh_bh_eh,[3Z],,picks_2013_127-129_46-50,3,parallel_pick_2013_127-129_46-50.py
2014,123-127_HH_BH,40,50,-127,-123,v1,,,picks_2014,4,parallel_pick_2014_HH_BH.py
2014,122-129,40,50,-129,-122,hh_bh_eh,Z,,picks_2014_122-129,4,parallel_pick_2014.py
2014,123-127_EH,40,50,-127,-123,eh_only,[3Z],,picks_2014_123-127_EH,2,parallel_pick_2014_123_127_EH.py
2014,122-123_46-50,45.8,50.2,-123.2,-121.8,hh_bh_eh,[3Z],122-129,picks_2014_122-123_46-50,4,parallel_pick_2014_122-123_46-50.py
2014,127-129_46-50,45.8,50.2,-129.2,-126.8,hh_bh_eh,[3Z],,picks_2014_127-129_46-50,4,parallel_pick_2014_127-129_46-50.py
2015,123-127_HH_BH,40,50,-127,-123,v1,,,picks_2015,4,parallel_pick_2015_HH_BH.py
2015,122-129,40,50,-129,-122,hh_bh_eh,Z,,picks_2015_122-129,4,parallel_pick_2015.py
2015,123-127_EH,40,50,-127,-123,eh_only,[3Z],,picks_2015_123-127_EH,3,parallel_pick_2015_123_127_EH.py
2015,122-123_46-50,45.8,50.2,-123.2,-121.8,hh_bh_eh,[3Z],122-129,picks_2015_122-123_46-50,4,parallel_pick_2015_122-123_46-50.py
2015,127-129_46-50,45.8,50.2,-129.2,-126.8,hh_bh_eh,[3Z],,picks_2015_127-129_46-50,4,parallel_pick_2015_127-129_46-50.py
