station,phase,C,n_obs
7A.W01,P,0.9160642415273491,6
7A.W01,S,-0.7186449168151999,12
7A.W02,P,0.8932731636990704,13
7A.W02,S,-0.19836149733711736,19
7A.W03,P,-0.40940177947802875,12
7A.W03,S,-0.4439593837272858,19
7A.W04,P,-0.6532529267825017,9
7A.W04,S,-0.4636188815203187,13
7A.W06,P,-0.9143062640363696,7
7A.W06,S,-0.6823489823275194,11
7A.W07,P,-0.6440669788470512,6
7A.W07,S,-1.132043896544524,7
7A.W08,P,-1.1128462275364164,5
7A.W08,S,-0.9582422336664735,8
7A.W10,P,-1.023209275488614,4
7A.W10,S,-0.7728316298729648,11
7D.FC03D,P,-0.7883197479514378,128
7D.FC03D,S,-0.9304065501517005,553
7D.FN01C,P,-0.3742513184662665,194
7D.FN01C,S,-1.0221312812915773,168
7D.FN02C,P,-0.6473180865550742,162
7D.FN02C,S,-1.1567769886870385,151
7D.FN03C,P,-0.7872463640809815,250
7D.FN03C,S,-0.5224045501088528,244
7D.FN04C,P,-0.9418052295753687,264
7D.FN04C,S,-0.6917000279073845,320
7D.FN05C,P,-0.9332583652491455,166
7D.FN05C,S,-0.7070659885759345,221
7D.FN07A,P,-0.49578730553882777,471
7D.FN07A,S,-0.9118869226577477,550
7D.FN07C,P,-1.0097863254786572,336
7D.FN07C,S,-0.5876393690740868,431
7D.FN08A,P,-0.09439121911291426,226
7D.FN08A,S,-0.38728735027465483,247
7D.FN08C,P,-0.7655812332545866,222
7D.FN08C,S,-0.37932587674473023,221
7D.FN09C,P,-0.5912866720874602,192
7D.FN09C,S,-0.6741806254814295,284
7D.FN10C,P,-0.40870579566670084,95
7D.FN10C,S,-0.5053015439282056,159
7D.FN11C,P,-0.1328914205473038,203
7D.FN11C,S,-0.6391965998215389,229
7D.FN12A,P,-0.4133100627308318,90
7D.FN12A,S,-0.2703896755155427,142
7D.FN12C,P,-0.8203215672895582,260
7D.FN12C,S,-0.8131561817795483,272
7D.FN13C,P,-0.494074389228067,195
7D.FN13C,S,-0.27519839372836874,187
7D.FN14A,P,-0.35310210883044485,278
7D.FN14A,S,-0.4050856224813051,246
7D.FN14C,P,-0.410231469446878,117
7D.FN14C,S,-0.5053321949309845,216
7D.FN16A,P,-0.3758948837098487,90
7D.FN16A,S,-0.15161323731537416,236
7D.FN17C,P,-0.5735650968136214,5
7D.FN17C,S,-0.5378735807644474,5
7D.FN18A,P,-0.6522170899707287,306
7D.FN18A,S,-0.16667784726603213,328
7D.FN19C,P,-0.8582186205669997,162
7D.FN19C,S,0.5069512059386563,265
7D.FS01B,P,-0.9024692311511765,2037
7D.FS01B,S,-0.44707047360094976,3175
7D.FS02B,P,-0.5099201390831521,902
7D.FS02B,S,-0.5477256444358898,2063
7D.FS02D,P,-0.6070483723858832,1636
7D.FS02D,S,-0.686375679723181,2569
7D.FS04B,P,-0.9607150190727323,977
7D.FS04B,S,-1.0770378255364395,1496
7D.FS04D,P,-0.7959603739843878,1239
7D.FS04D,S,-0.5892638557709358,2271
7D.FS05B,P,-0.47511417110025295,939
7D.FS05B,S,-0.22533373374634738,2008
7D.FS06B,P,0.3235118265264467,683
7D.FS06B,S,-0.9734021540766998,1986
7D.FS06D,P,-0.40427800558041205,2075
7D.FS06D,S,-0.07987776627687841,5059
7D.FS07B,P,-0.5171568609001241,139
7D.FS07B,S,-0.601505942091446,264
7D.FS07D,P,0.6221240289226118,1508
7D.FS07D,S,-1.104559750403876,3620
7D.FS08D,P,-0.7277397096529529,817
7D.FS08D,S,0.18596867824139499,2048
7D.FS09B,P,-0.7790054633746324,944
7D.FS09B,S,0.5938545995930834,2588
7D.FS09D,P,-0.4740475777734816,2514
7D.FS09D,S,-1.0070942354570527,5461
7D.FS10B,P,-1.0495779425732885,317
7D.FS10B,S,-0.8570433481082003,890
7D.FS10D,P,1.0123855609787797,2297
7D.FS10D,S,-0.7163647632272533,4460
7D.FS11B,P,-0.3452858145057907,427
7D.FS11B,S,-0.5646368091514568,622
7D.FS11D,P,-0.8736951154735817,338
7D.FS11D,S,-0.9838743055151917,849
7D.FS12B,P,-0.8594027110939939,228
7D.FS12B,S,-0.8477677044146674,115
7D.FS12D,P,-1.1937596150693932,418
7D.FS12D,S,-0.4122834648882147,420
7D.FS13B,P,-0.5609131890799616,1108
7D.FS13B,S,-0.3699006122902132,1999
7D.FS13D,P,-0.49688403668340314,3011
7D.FS13D,S,-0.9625641865475297,5515
7D.FS14B,P,-0.6695812206738367,351
7D.FS14B,S,-1.0162646237941328,386
7D.FS14D,P,-0.4394633168638905,455
7D.FS14D,S,-0.8232696347822595,518
7D.FS15B,P,-0.7334807375743174,46
7D.FS15B,S,-0.9805792789960915,31
7D.FS16B,P,-0.6642856785491392,453
7D.FS16B,S,-0.6928212582132723,1357
7D.FS16D,P,-0.8002414898683956,964
7D.FS16D,S,-1.0676709449311257,3418
7D.FS17B,P,-0.6851209519825282,497
7D.FS17B,S,-1.018994048161572,601
7D.FS17D,P,-1.0390300665596075,684
7D.FS17D,S,-0.6756658947232161,973
7D.FS18B,P,-0.8916108015361521,258
7D.FS18B,S,-1.1161219244765523,289
7D.FS19B,P,-1.0144493419081926,263
7D.FS19B,S,-0.43340782025810676,517
7D.FS20B,P,-0.6416561429385975,1072
7D.FS20B,S,-0.8250942787265372,2249
7D.FS41D,P,-1.0224355572667265,444
7D.FS41D,S,-1.0379366406973733,1902
7D.FS42D,P,-0.9952361536414674,523
7D.FS42D,S,-0.9381030491210136,1066
7D.FS43D,P,-0.41584346433481345,608
7D.FS43D,S,-0.7842136223732936,1281
7D.FS44D,P,-0.5285999105902907,778
7D.FS44D,S,-0.5171499703582478,2045
7D.FS45D,P,0.15607143095433862,532
7D.FS45D,S,-0.0412965955092546,1542
7D.G02B,P,-0.592342402524546,1391
7D.G02B,S,-0.6161915562055228,1962
7D.G02D,P,-0.6880065202195375,336
7D.G02D,S,-0.3276950121751705,1127
7D.G03A,P,-0.35508511758215733,143
7D.G03A,S,-0.6428947271252834,261
7D.G03B,P,0.8814438490628269,307
7D.G03B,S,-0.9195106536116742,1148
7D.G03D,P,-0.5150518957692429,426
7D.G03D,S,-1.1160627123208626,858
7D.G04B,P,-0.6767758271562943,115
7D.G04B,S,-0.9951313706143826,342
7D.G04D,P,0.05992204651418522,1102
7D.G04D,S,-0.1496587650441353,1794
7D.G09B,P,-0.6492883280678675,110
7D.G09B,S,-0.5668051502978689,133
7D.G09D,P,-0.7787904295069329,1163
7D.G09D,S,-0.7064839824191934,2325
7D.G10B,P,-1.035600209932856,1937
7D.G10B,S,-0.613001407448374,2396
7D.G10D,P,0.12470738463553874,3119
7D.G10D,S,-0.7197034116103441,4704
7D.G11B,P,-0.8938558423933411,1635
7D.G11B,S,-0.6360086879626787,2128
7D.G17B,P,-0.7364742039560073,449
7D.G17B,S,-1.050332559116514,788
7D.G17D,P,-0.6784040945534825,14
7D.G17D,S,-1.0391989864968496,12
7D.G18B,P,-0.8640203200639855,420
7D.G18B,S,-0.8417315538157495,976
7D.G18D,P,-0.76673123964694,873
7D.G18D,S,-0.7678150212475882,2605
7D.G19B,P,-0.3702141887331371,1824
7D.G19B,S,-0.3814170194505505,2344
7D.G19D,P,-0.5955999920749009,1120
7D.G19D,S,-0.46047006284168185,3092
7D.G20B,P,0.2867227470975831,1356
7D.G20B,S,-0.7171870311577847,1895
7D.G20D,P,0.7749025382580458,2710
7D.G20D,S,-0.6598983501501191,3390
7D.G25B,P,-0.3136875600937768,358
7D.G25B,S,-0.6491808550318937,456
7D.G26B,P,0.19576322301879903,187
7D.G26B,S,-1.1370120265665027,334
7D.G26D,P,0.40521151764209085,616
7D.G26D,S,-0.6997848362425888,1352
7D.G27B,P,-0.8296466926702516,949
7D.G27B,S,-0.8375463720489732,1172
7D.G28B,P,-0.3935952094508673,884
7D.G28B,S,-0.8016337294885291,1065
7D.G33D,P,0.3664137888886162,191
7D.G33D,S,-1.0477560396805083,314
7D.G34B,P,-0.40423963074186214,139
7D.G34B,S,-0.44062814352020674,376
7D.G34D,P,0.5590049560516527,372
7D.G34D,S,-0.4025438023265149,816
7D.G35B,P,-0.10423977736974871,463
7D.G35B,S,-0.622605301438383,632
7D.G35D,P,-0.8632041397613963,1229
7D.G35D,S,-0.5435733096827053,1379
7D.G36B2,P,-0.6482186810549417,989
7D.G36B2,S,-0.3319619584206339,1087
7D.G36D,P,-0.5843342015022669,1143
7D.G36D,S,1.4909602266855293,1494
7D.J09B,P,0.38572314646392125,132
7D.J09B,S,-1.3252075236142038,95
7D.J09D,P,-1.0151319127099492,649
7D.J09D,S,-0.3496972571719549,981
7D.J10B,P,0.8957699064068755,254
7D.J10B,S,-0.6783487892610248,527
7D.J10D,P,1.2894978060563096,433
7D.J10D,S,-0.48489561665048797,734
7D.J11B,P,-0.8424587376534107,798
7D.J11B,S,-0.786701955347219,809
7D.J11D,P,-0.849521482574984,634
7D.J11D,S,-0.8766431700406485,692
7D.J17B,P,-0.1731040782871151,112
7D.J17B,S,0.24207821665992102,90
7D.J17D,P,-0.8197040644879174,653
7D.J17D,S,-0.995605352412984,997
7D.J18B,P,-0.847332492641062,233
7D.J18B,S,-0.6063478741197085,196
7D.J18D,P,0.6533353946288794,280
7D.J18D,S,-0.05848857952608114,458
7D.J19B,P,-0.6159279765301614,493
7D.J19B,S,-0.882149292944286,627
7D.J19D,P,-0.4246857690156323,592
7D.J19D,S,-0.46994713649421643,569
7D.J25A,P,-0.6851471214297782,126
7D.J25A,S,0.2539818855073801,113
7D.J25B,P,0.12519111430171093,342
7D.J25B,S,0.05948538056009128,618
7D.J25C,P,0.24752943664547844,103
7D.J25C,S,-1.3793039044936317,115
7D.J25D,P,-1.0674850464299068,463
7D.J25D,S,0.12974267898496517,359
7D.J26C,P,-0.6610285339586931,68
7D.J26C,S,0.0013782178023942638,148
7D.J26D,P,0.2191055825208931,231
7D.J26D,S,1.0307852813851652,549
7D.J27B,P,-0.779588124346925,264
7D.J27B,S,-0.7177918330559864,419
7D.J27D,P,0.19497258757344726,370
7D.J27D,S,-0.8475936333154566,499
7D.J33A,P,-1.099530889763649,197
7D.J33A,S,-0.6285759296661976,139
7D.J33B,P,-0.4140811888345226,322
7D.J33B,S,-0.8152812456722688,885
7D.J33C,P,0.7292569284507721,141
7D.J33C,S,-0.5564972264291186,103
7D.J34A,P,1.0272083717584515,15
7D.J34A,S,-0.49205849694386544,12
7D.J34C,P,-0.5769014022200958,78
7D.J34C,S,-0.1098133994003059,185
7D.J35A,P,-0.08146221008623242,160
7D.J35A,S,0.32856332353192136,221
7D.J35C,P,-0.3699452042218788,186
7D.J35C,S,-0.7773605908649394,276
7D.J37A,P,-0.32780772380196865,131
7D.J37A,S,-0.7178109913650285,132
7D.J37C,P,-0.25391326856832547,203
7D.J37C,S,-0.13413867269219099,219
7D.J38A,P,-1.197448343742713,155
7D.J38A,S,-0.9564155307564833,186
7D.J38C,P,-0.4343580456265506,429
7D.J38C,S,0.8467517364441204,585
7D.J41A,P,0.8714010080777307,169
7D.J41A,S,1.242798387519398,216
7D.J41C,P,-0.31007007568113354,61
7D.J41C,S,-0.8098939925892304,121
7D.J42A,P,-0.6600371742878731,159
7D.J42A,S,-1.1465174082773961,272
7D.J42C,P,0.08183854685304937,139
7D.J42C,S,-0.32914647815913595,194
7D.J43A,P,-0.35795929608857935,95
7D.J43A,S,-0.7111187439468653,192
7D.J43C,P,-0.7154125294602326,133
7D.J43C,S,-1.0192214256293184,224
7D.J44A,P,-0.25293321168081045,156
7D.J44A,S,-0.6817856512875305,191
7D.J44C,P,-0.008929523940988449,139
7D.J44C,S,-0.6212040128985787,170
7D.J45A,P,0.17433176682048018,146
7D.J45A,S,-1.4675160276553703,168
7D.J45C,P,-0.9317497936852399,294
7D.J45C,S,-0.8173142145194218,357
7D.J46A,P,-0.8660163715319519,77
7D.J46A,S,0.13855154814438883,110
7D.J46C,P,-0.6387385791131883,362
7D.J46C,S,-0.447885549439419,509
7D.J49A,P,-0.3564438865679094,385
7D.J49A,S,0.8473195044604203,448
7D.J49C,P,-0.7235061943330956,345
7D.J49C,S,-0.6716263429265965,384
7D.J50A,P,-0.7726180559205051,147
7D.J50A,S,-0.8394065888043376,189
7D.J50C,P,-0.6761631300321559,95
7D.J50C,S,-0.35606885787637277,107
7D.J51A,P,-0.44390919660820133,135
7D.J51A,S,-0.24822610786754495,357
7D.J52A,P,-0.25227513036305543,118
7D.J52A,S,0.04363368339401627,196
7D.J52C,P,-0.980756692792317,160
7D.J52C,S,-1.1388344021935557,322
7D.J53A,P,-0.49594136488850227,105
7D.J53A,S,-0.7793741139183017,238
7D.J53C,P,-0.7153384086096669,435
7D.J53C,S,-1.132298226437577,680
7D.J54A,P,-0.1516931682393315,181
7D.J54A,S,1.3666078836866096,315
7D.J54C,P,0.7228835914789078,356
7D.J54C,S,-0.31785778609855636,439
7D.J57A,P,-0.17200922510117103,46
7D.J57A,S,-0.8272105999244561,25
7D.J57C,P,-0.6044165354084536,70
7D.J57C,S,-0.22644571429966412,69
7D.J58A,P,0.3873968922873478,77
7D.J58A,S,0.7993523324699602,97
7D.J58C,P,-0.24336949644202138,168
7D.J58C,S,1.3175698944419647,360
7D.J59A,P,-0.3043229151964188,67
7D.J59A,S,-0.6469390373641748,228
7D.J59C,P,-0.9223861651619735,60
7D.J59C,S,0.21210801940417867,215
7D.J61A,P,-0.19412022267206763,260
7D.J61A,S,0.03208971544315495,390
7D.J61C,P,0.7968431978598067,361
7D.J61C,S,-0.0755974930530773,690
7D.J65A,P,0.18730331198155045,53
7D.J65A,S,-0.5574906396364627,29
7D.J65C,P,-0.3093429815250936,46
7D.J65C,S,0.9553760842013047,43
7D.J67A,P,0.7575805216840243,201
7D.J67A,S,0.4638270329110181,411
7D.J67C,P,0.5800552882469532,225
7D.J67C,S,0.8455599046049825,461
7D.J68A,P,-0.27514839810021613,207
7D.J68A,S,-0.2566710088645905,287
7D.J68C,P,0.2604165013502708,422
7D.J68C,S,0.4090239148165581,597
7D.J69C,P,0.15974446901222272,197
7D.J69C,S,-0.7160831832399038,255
7D.J73A,P,-0.07040357548766035,70
7D.J73A,S,-0.08233321578160879,99
7D.J73C,P,-0.4236800487136342,74
7D.J73C,S,-0.677564320068253,79
7D.M01A,P,-0.2948282593978441,211
7D.M01A,S,-0.1907385490329992,153
7D.M01C,P,-0.07002833964889478,241
7D.M01C,S,0.524179725540345,153
7D.M02A,P,-0.4140327480857512,1
7D.M02A,S,0.49107108039330744,10
7D.M02C,P,-0.006377648161187143,32
7D.M02C,S,0.3381854561575171,70
7D.M03A,P,-0.5006351155090881,91
7D.M03A,S,0.13580280143151316,199
7D.M03C,P,-0.09339681981229896,153
7D.M03C,S,0.32878573166023983,272
7D.M04C,P,-0.636392290839881,25
7D.M04C,S,-0.1033233280343911,77
7D.M05C,P,-0.7227720538511291,177
7D.M05C,S,-0.2635112292134542,141
7D.M06C,P,-0.9714680309718184,146
7D.M06C,S,-0.63851435501115,165
7D.M07A,P,-0.6164156455136134,182
7D.M07A,S,-0.1456626341193222,128
7D.M08A,P,-0.7777011313752253,376
7D.M08A,S,-0.2813099662665188,146
7D.M08C,P,0.7251271610585786,111
7D.M08C,S,1.0399711742286892,107
7D.M09B,P,1.355709069428038,480
7D.M09B,S,1.1442992982775606,755
7D.M11B,P,0.36152006534076236,236
7D.M11B,S,0.9496770828030435,444
7D.M12B,P,0.678131877564744,388
7D.M12B,S,1.121288473903027,641
7D.M13B,P,0.7557300805457248,18
7D.M13B,S,0.07703673066218837,11
7D.M13D,P,-0.8529836411696409,19
7D.M13D,S,-0.4401146683428647,22
7D.M14B,P,1.008581792395283,262
7D.M14B,S,0.9230263337943775,853
7D.M14D,P,0.22784674511295744,203
7D.M14D,S,-0.8862313569583813,411
7D.M15D,P,0.3479427992951649,521
7D.M15D,S,0.6037461736831378,664
7D.M16D,P,0.6865939536214536,612
7D.M16D,S,0.8647396952633964,1324
7D.M17D,P,-2.920917766973444,868
7D.M17D,S,0.1641517960949644,1566
BK.JCC,P,0.794582795497914,12820
BK.JCC,S,2.0926657162009743,9442
C8.MWAB,P,0.6724212225059916,4
C8.MWAB,S,1.174053505230286,9
C8.PA01,P,-1.4512525280385657,192
C8.PA01,S,-1.1801477065344752,283
C8.PA02,P,-0.5300654484253519,159
C8.PA02,S,0.26068212179776773,313
C8.PA05,P,0.4426430719667929,36
C8.PA05,S,1.4254696752899636,45
C8.PA12,P,0.5807528563774246,260
C8.PA12,S,0.7046596319578096,331
C8.SOKB,P,0.5210606654167047,29
C8.SOKB,S,0.8413112033288418,33
C8.SPLB,P,0.27903742033608453,11
C8.SPLB,S,0.7825887689079162,10
C8.TOFB,P,-0.8076573724420886,118
C8.TOFB,S,-1.0540306238979202,144
CN.ALB,P,-0.5910498071195472,207
CN.ALB,S,-0.9230770539135991,238
CN.BFSB,P,-0.4776386743272576,429
CN.BFSB,S,-0.868053678592901,557
CN.BIB,P,-1.0765855301803722,1985
CN.BIB,S,-0.7148880001479806,1122
CN.BMSB,P,0.8301086194550543,37
CN.BMSB,S,-0.9520188304169065,59
CN.BPBC,P,-0.5969498628061637,1250
CN.BPBC,S,0.6206954819531595,890
CN.BTB,P,-1.1359001865670264,2539
CN.BTB,S,-0.39436971108077895,2230
CN.CLRS,P,-0.8415867705404417,785
CN.CLRS,S,1.4920501568259816,697
CN.EDB,P,-0.8783935681851576,1772
CN.EDB,S,-1.481671133230416,1612
CN.ETB,P,-0.9579636578828518,498
CN.ETB,S,-0.9895854775539699,294
CN.GDR,P,0.3347579844484384,962
CN.GDR,S,0.13344120535569337,580
CN.GOBB,P,-0.10428510237969049,1846
CN.GOBB,S,1.1604657548438657,1190
CN.HNB,P,0.3789194081475391,384
CN.HNB,S,1.2312757462016857,395
CN.LZB,P,-0.10759101268718071,3384
CN.LZB,S,-0.05346786306020863,3788
CN.NLLB,P,0.4973372801881866,1785
CN.NLLB,S,0.8991069384383998,2222
CN.NTKA,P,1.3493250163414316,514
CN.NTKA,S,0.1118470032829336,549
CN.OZB,P,0.8999400182675498,1840
CN.OZB,S,-0.7511443641568244,2026
CN.PFB,P,-1.4943069801158755,3296
CN.PFB,S,-0.3948292339005862,3289
CN.PGC,P,-0.044726617146874134,2251
CN.PGC,S,1.7569842873451562,3081
CN.SHB,P,1.9376445991391409,3873
CN.SHB,S,-0.23566135286407022,4032
CN.SNB,P,0.06025700628591128,3822
CN.SNB,S,-0.3511418784846539,3227
CN.TXB,P,0.32993901144616883,2425
CN.TXB,S,0.4534376501211979,1544
CN.VDB,P,0.8500562457068543,2369
CN.VDB,S,-0.0447391564459968,1316
CN.VGZ,P,-0.2172935556768619,2038
CN.VGZ,S,-0.16360735044276958,2524
CN.WPB,P,-0.26831910762192573,1308
CN.WPB,S,0.5231385183109993,937
CN.WSLR,P,0.6099695312939591,278
CN.WSLR,S,0.8282051524371771,322
NC.KBO,P,1.043302069381228,1650
NC.KBO,S,0.5303669954142393,1420
NC.KCO,P,-0.456408693289004,1791
NC.KCO,S,0.1576271472629101,741
NC.KCR,P,1.7204511897450199,3942
NC.KCR,S,0.6464072964027503,1963
NC.KCS,P,0.3007381980730282,1555
NC.KCS,S,0.3874989405422803,810
NC.KCT,P,-0.08293444439760077,5326
NC.KCT,S,-1.0327593531422372,6899
NC.KEB,P,-0.8897209371425037,638
NC.KEB,S,-1.0035589232897755,339
NC.KHBB,P,-1.3837900589927044,7385
NC.KHBB,S,-1.0841535279485515,5663
NC.KHMB,P,-1.1862938091264998,6186
NC.KHMB,S,-0.621168135862703,7380
NC.KJJ,P,-0.8281660025259826,1511
NC.KJJ,S,-0.502635370286351,586
NC.KKP,P,-1.3376589618356598,1587
NC.KKP,S,-1.0441301724390484,412
NC.KMPB,P,-1.0235907379375162,8052
NC.KMPB,S,-0.3577924102831933,11156
NC.KMR,P,-1.2058335280641705,7239
NC.KMR,S,-0.5754534692140031,10244
NC.KOM,P,-0.5694959738604236,1506
NC.KOM,S,-0.36891190204671753,402
NC.KPP,P,-1.4455401771371144,502
NC.KPP,S,-0.9014804414249398,121
NC.KRMB,P,-0.732229283807441,7097
NC.KRMB,S,0.04024713262619252,5499
NC.KRP,P,0.6622841801733974,2111
NC.KRP,S,-0.8965563522358744,1566
NC.KSM,P,-0.7887656190800332,4390
NC.KSM,S,-0.800384568365128,2015
NC.KSXB,P,-0.6424807510366116,4614
NC.KSXB,S,-0.36615444015427345,4402
NC.KTR,P,-0.6918756456220757,695
NC.KTR,S,0.056297022978542714,189
NC.LAMB,P,0.3979690855141553,54
NC.LAMB,S,0.34398121192887515,15
NC.LBK,P,0.7092394366496368,193
NC.LBK,S,1.0721982743276366,99
NC.LBO,P,0.8287186508590509,53
NC.LBO,S,1.4401121260569285,8
NC.LBP,P,1.7081936419389225,148
NC.LBP,S,1.3022891827467449,31
NC.LCSB,P,1.6842248753097684,55
NC.LCSB,S,1.8262941125365648,110
NC.LGB,P,-0.4973209532948142,79
NC.LGB,S,0.37791118204832114,3
NC.LGP,P,-0.20276500884067403,311
NC.LGP,S,0.768425099687589,143
NC.LHE,P,0.010294887217941754,51
NC.LHE,S,0.4907991570835292,5
NC.LMI,P,-0.03165440967941539,120
NC.LMI,S,0.2830002619066277,23
NC.LMP,P,0.5050814015646201,51
NC.LMP,S,0.8607790951183786,4
NC.LPG,P,0.9887123038765885,130
NC.LPG,S,0.5282462510098492,33
NC.LPK,P,0.5260615282523479,116
NC.LPK,S,0.7261228647236607,22
NC.LRB,P,-0.15447010178809972,141
NC.LRB,S,-0.04447894161899772,22
NC.LSF,P,-0.17946435558221213,93
NC.LSF,S,0.5850377365641655,17
NC.LSH,P,0.3259059175498755,132
NC.LSH,S,-0.42860241078773387,21
NC.LSR,P,0.7003718087071625,78
NC.LSR,S,1.0319127279118334,17
NC.LVR,P,0.9603824604024164,234
NC.LVR,S,0.6392560083174983,80
NV.NC27,P,-0.9820469471373926,825
NV.NC27,S,-0.5688786446033756,1003
NV.NC89,P,-0.2740556452939537,50
NV.NC89,S,0.43207557215268655,51
NV.NCBC,P,1.385930319922578,17
NV.NCBC,S,0.969755520883542,20
OO.HYS11,P,0.27434101617974443,32
OO.HYS11,S,0.7749573597138173,38
OO.HYS12,P,0.6463000224649688,54
OO.HYS12,S,0.023905903799336256,54
OO.HYS13,P,1.3000909335821929,21
OO.HYS13,S,0.506880287822465,28
OO.HYSB1,P,-0.04920431966767533,12
OO.HYSB1,S,0.14481031250910067,19
PB.B001,P,-0.3558731487305292,1967
PB.B001,S,0.718287570780684,2361
PB.B003,P,1.3058018313466295,945
PB.B003,S,0.6667312840051857,934
PB.B004,P,0.6325714475345776,680
PB.B004,S,1.2834958295695207,797
PB.B005,P,0.9990954529101461,1735
PB.B005,S,0.9124408626604741,1769
PB.B006,P,0.40127041773667915,2092
PB.B006,S,1.2351571950569638,2090
PB.B007,P,1.2624009359887005,1642
PB.B007,S,-0.1358714122865336,1790
PB.B009,P,0.6611261380102895,2515
PB.B009,S,-0.25639342001959753,2667
PB.B010,P,0.7960390942908167,2532
PB.B010,S,0.33108014359336646,2812
PB.B011,P,0.768803707237701,2637
PB.B011,S,0.8106711887320396,2748
PB.B012,P,0.04986240867250931,484
PB.B012,S,0.6555088849148226,672
PB.B013,P,0.10838341072939653,4767
PB.B013,S,0.5067148293641642,5469
PB.B014,P,-0.34369484153019964,1130
PB.B014,S,-0.3548739747499007,776
PB.B017,P,0.34946659973298866,620
PB.B017,S,0.2684443716760772,463
PB.B018,P,-0.5784675040344427,1760
PB.B018,S,0.9317561038285702,2063
PB.B019,P,-0.32463820441513563,645
PB.B019,S,-0.7865603493885598,540
PB.B020,P,0.14354128788998868,717
PB.B020,S,-0.49393188855975023,746
PB.B022,P,0.21974576718524522,237
PB.B022,S,-0.3249671740916273,267
PB.B023,P,-0.15373904911549374,1240
PB.B023,S,0.2122068207747714,1185
PB.B024,P,0.8336095563287048,941
PB.B024,S,0.08973733588667629,741
PB.B026,P,0.5623131040192995,1010
PB.B026,S,0.8593988802238727,794
PB.B027,P,1.0764295094818355,143
PB.B027,S,0.5881925250489186,93
PB.B028,P,-0.2356995942934455,136
PB.B028,S,0.5081491708436076,83
PB.B030,P,0.41223113594886923,87
PB.B030,S,-0.2250492080892217,51
PB.B031,P,0.07666055719167508,810
PB.B031,S,0.2905666386718556,743
PB.B032,P,-0.7547438840000056,1396
PB.B032,S,-0.5437217595445627,1173
PB.B033,P,0.44187490857343276,1592
PB.B033,S,0.20814137953702413,841
PB.B035,P,0.7055583091265301,1227
PB.B035,S,0.2088802035856243,811
PB.B036,P,0.8717254557556562,1301
PB.B036,S,0.3065156878080402,992
PB.B039,P,0.928355380076052,135
PB.B039,S,1.043461657971781,82
PB.B040,P,1.1028534782153523,135
PB.B040,S,-0.2971692225261233,72
PB.B045,P,-0.938388203905869,6416
PB.B045,S,-0.6523797972973576,7575
PB.B046,P,-0.8567655314860003,9893
PB.B046,S,-0.23922031067500776,11019
PB.B047,P,2.943947626399618,11458
PB.B047,S,2.9582553418954176,12552
PB.B049,P,3.9192056198809833,7166
PB.B049,S,4.212668962894551,8578
PB.B201,P,-0.7803735991588809,6818
PB.B201,S,-0.4217385285976801,7090
PB.B202,P,-0.5551568629116775,4712
PB.B202,S,0.10891258133572244,5142
PB.B203,P,-0.23666983603423408,4998
PB.B203,S,0.21288874503397262,5856
PB.B204,P,0.3293517411865518,4004
PB.B204,S,0.6673699392005341,4633
PB.B926,P,0.2438514927380227,2099
PB.B926,S,1.5231353143848274,2073
PB.B927,P,0.46177057484918776,569
PB.B927,S,0.0012196036694674447,686
PB.B928,P,-0.2573976802053353,1540
PB.B928,S,-0.30772050070530055,1495
PB.B932,P,0.3866852319907786,10442
PB.B932,S,1.0711820915760701,11339
PB.B933,P,0.2749052772861446,7987
PB.B933,S,-0.4514512987704991,9387
PB.B935,P,0.5502761135480089,5849
PB.B935,S,-0.5641071254042114,4706
PB.B941,P,0.25181616560066905,2972
PB.B941,S,-0.5048376836811831,3452
PB.B943,P,0.6831052513703068,5289
PB.B943,S,1.2336409344886674,6285
TA.A04D,P,1.8092289222600075,102
TA.A04D,S,0.7335818234068076,125
TA.B05D,P,1.0358482264909568,273
TA.B05D,S,0.4531071565180064,295
TA.D03D,P,1.1325653430278924,2919
TA.D03D,S,1.0847612779270621,3102
TA.D04D,P,-0.2501550633678786,90
TA.D04D,S,1.1462491669234924,113
TA.E04D,P,1.024822649861509,268
TA.E04D,S,0.13175489326387751,275
TA.F04D,P,0.8027943341962506,446
TA.F04D,S,0.3804035423322565,570
TA.G03D,P,0.12344634833598322,1143
TA.G03D,S,-0.18182424104062442,983
TA.I02D,P,0.5627489649590313,2144
TA.I02D,S,0.5532075225580058,1533
TA.I03D,P,1.5052442987536128,2377
TA.I03D,S,1.0735544338425673,1437
TA.J01D,P,0.41002660737845936,395
TA.J01D,S,0.3336405130382875,293
TA.J01E,P,0.5722896245513334,982
TA.J01E,S,0.4396355076121371,901
TA.K02D,P,0.7503575069685624,4751
TA.K02D,S,0.7080561664351421,4309
TA.L02D,P,1.0818575866934892,947
TA.L02D,S,0.22172064470664074,516
TA.L02E,P,1.0330758225585155,2457
TA.L02E,S,1.2314246045869137,1332
UO.DBO,P,1.694993557948997,1768
UO.DBO,S,1.045072190772785,820
UO.FRIS,P,1.2144597429038408,15
UO.FRIS,S,1.0944360845413732,9
UO.IRO,P,1.2625982230549953,48
UO.IRO,S,1.3810630809190358,35
UW.ALKI,P,1.7224356695518295,364
UW.ALKI,S,1.4828180037324543,293
UW.ATES,P,2.1037536991297987,108
UW.ATES,S,0.7134736840956221,69
UW.BABR,P,0.8427659371681178,1103
UW.BABR,S,0.9049445455396783,597
UW.BBO,P,1.358056168044885,49
UW.BBO,S,0.5803791659132461,28
UW.BHW,P,0.8383071347215264,751
UW.BHW,S,1.2074657472445829,548
UW.BLN,P,1.2734343942220587,4088
UW.BLN,S,1.4208705796706624,3864
UW.BOW,P,0.8155067157604627,1009
UW.BOW,S,0.9569805099074963,756
UW.BRO,P,0.8983933468750278,40
UW.BRO,S,0.25929147230419103,15
UW.BUO,P,1.1461733438901665,31
UW.BUO,S,1.07274319505216,9
UW.CDF,P,0.47710596667780303,2159
UW.CDF,S,0.25934943447266706,2501
UW.CMW,P,0.9975432332999907,1773
UW.CMW,S,0.5429674933275906,1472
UW.CPW,P,0.047926861829613844,443
UW.CPW,S,0.30744662547277934,453
UW.DOSE,P,-0.286340639209019,138
UW.DOSE,S,0.6661391258357132,284
UW.EDM,P,0.8254682531555257,2717
UW.EDM,S,1.113638277706843,3017
UW.ELK,P,0.7108439325424069,4806
UW.ELK,S,0.7917774144214987,5305
UW.FISH,P,1.1091180539408636,214
UW.FISH,S,0.47135886079651745,203
UW.FL2,P,-0.5359457904736078,5052
UW.FL2,S,0.4781371341829023,5232
UW.FORK,P,0.8609081620525906,392
UW.FORK,S,0.585045812642738,474
UW.GHW,P,0.16640932837047553,681
UW.GHW,S,-0.1829324428564359,628
UW.GMW,P,0.814600245124207,1915
UW.GMW,S,0.08058767891737141,1529
UW.GNW,P,-0.6232352833073164,460
UW.GNW,S,0.09755658300203753,569
UW.GRCC,P,0.9713247109261677,79
UW.GRCC,S,0.37477497966765794,76
UW.HBO,P,2.8083108281856055,48
UW.HBO,S,2.324519444841294,16
UW.HDW,P,2.9224468066994542,1908
UW.HDW,S,2.8072436899580095,1701
UW.HEBO,P,-0.36108413046195714,225
UW.HEBO,S,0.44008341852984423,186
UW.HSO,P,2.292739189600485,354
UW.HSO,S,2.3627422273632384,104
UW.HSR,P,1.3864524982988522,2510
UW.HSR,S,2.7885610968551955,1713
UW.JEDS,P,2.293763928710632,2061
UW.JEDS,S,1.974349293249487,1180
UW.JUN,P,1.0451182738454832,1785
UW.JUN,S,1.466413233428136,1768
UW.KMO,P,2.7127213820911074,979
UW.KMO,S,2.1549509268254146,672
UW.KOS,P,1.9610757750370926,900
UW.KOS,S,1.4301474411342234,722
UW.LCW,P,-0.7579928128341528,2002
UW.LCW,S,-0.19010384025636573,1523
UW.LEBA,P,-0.5543983930987764,333
UW.LEBA,S,-0.180855731530327,384
UW.LMW,P,-0.2741306142668286,513
UW.LMW,S,0.8553126065150605,216
UW.LRIV,P,0.19663473264359982,1372
UW.LRIV,S,0.3589548775063599,1682
UW.LVP,P,-0.2373240354398502,5369
UW.LVP,S,-0.33392098569222195,4656
UW.MCW,P,0.5085553377731347,3308
UW.MCW,S,0.5043147681423328,2088
UW.MEGW,P,-0.5201154684028236,47
UW.MEGW,S,0.25338790699639463,37
UW.MEW,P,0.13652714778362632,12
UW.MEW,S,-0.48958579591170875,3
UW.MPO,P,-0.18231157773000123,303
UW.MPO,S,-0.4639135022849245,245
UW.MTM,P,-0.15145238846759915,3569
UW.MTM,S,-0.5672122572180989,2601
UW.NLO,P,0.17935090741262208,572
UW.NLO,S,0.290998248115832,164
UW.OBC,P,-0.48387094092913147,517
UW.OBC,S,0.8312530237577707,237
UW.OCP,P,0.051271227635873565,474
UW.OCP,S,1.100981936854279,437
UW.OFR,P,0.17235667819282088,196
UW.OFR,S,1.0584702764263139,281
UW.ON2,P,0.6641541149908534,349
UW.ON2,S,-0.17891159125363446,164
UW.OOW,P,0.03319290143255199,314
UW.OOW,S,-0.18598004375648672,111
UW.OSD,P,-0.5098989023432389,680
UW.OSD,S,1.0642883010350148,446
UW.OSR,P,0.2625642898717546,350
UW.OSR,S,-0.3851526121496379,138
UW.OTR,P,1.0177698790932501,293
UW.OTR,S,-0.594200504949018,187
UW.PASS,P,0.28699462353962424,449
UW.PASS,S,-0.11422736950527575,480
UW.PCFR,P,0.6667787177749965,1250
UW.PCFR,S,1.1972633471723226,1069
UW.PCMD,P,1.307554646122737,278
UW.PCMD,S,0.648453772866716,203
UW.PGO,P,1.2220480668035854,44
UW.PGO,S,0.5625025754458494,32
UW.RADR,P,0.35234805720492657,619
UW.RADR,S,0.9113470797882214,623
UW.RNO,P,0.7498448025558243,510
UW.RNO,S,0.8125278794206721,299
UW.RRHS,P,0.10816674702190171,240
UW.RRHS,S,0.1456543957681094,231
UW.RVW,P,0.9391034696501985,1824
UW.RVW,S,0.38026317279326477,1611
UW.SBES,P,1.0696909527754583,190
UW.SBES,S,1.1282139331486056,64
UW.SHW,P,0.21808133564206922,2753
UW.SHW,S,1.047402004234658,1597
UW.SMW,P,-1.3697055416886148,928
UW.SMW,S,0.9012126272599862,797
UW.SOS,P,0.214816047832322,2590
UW.SOS,S,0.6055660547573982,2971
UW.SP2,P,0.7953642130472542,67
UW.SP2,S,0.07393550086913721,56
UW.SQM,P,-0.3239872707435188,384
UW.SQM,S,-0.5756038245025235,281
UW.SSO,P,0.9688082652534202,23
UW.SSO,S,-0.27056756591080194,11
UW.STD,P,0.5115250477758014,1776
UW.STD,S,0.005037517233161033,1135
UW.STW,P,0.1931383296561894,225
UW.STW,S,0.6153621891443677,167
UW.SVOH,P,0.3707209586455878,441
UW.SVOH,S,0.20638921833660964,359
UW.TAKO,P,-0.5222655763190784,145
UW.TAKO,S,0.26210407707539823,163
UW.TDL,P,0.014690250079052782,4766
UW.TDL,S,0.46291461745328827,4557
UW.UMPQ,P,-0.3793013936124343,227
UW.UMPQ,S,0.7584504244700121,89
UW.UWFH,P,0.5262857716938412,519
UW.UWFH,S,-1.1696867231234844,430
UW.VG2,P,-0.5295610499944153,66
UW.VG2,S,-0.8273043247443427,27
UW.VLM,P,-0.7489329955199403,16
UW.VLM,S,-1.2752178098878408,6
UW.VVHS,P,-1.0972303972355086,134
UW.VVHS,S,-1.05354506835106,86
UW.WISH,P,-1.3576244335255094,440
UW.WISH,S,-0.7171188010187292,314
UW.WPO,P,-0.6475767519146406,17
UW.WPO,S,-1.5957447813236203,11
UW.YACT,P,-1.103360024785722,745
UW.YACT,S,-1.5354449252833182,962
X9.BB030,P,-1.2688376430017176,889
X9.BB030,S,-0.9698771753661356,1099
X9.BB060,P,-1.459059475747693,637
X9.BB060,S,-0.5165663898881413,983
X9.BB070,P,-1.5498358455223296,858
X9.BB070,S,-1.05145186134628,1127
X9.BB090,P,-0.43617292732853274,926
X9.BB090,S,-0.5727964612591359,881
Z5.BB630,P,-1.1673612040932266,331
Z5.BB630,S,-0.7719174932865538,260
Z5.BB631,P,-1.4974604821105941,315
Z5.BB631,S,-0.4322925957750284,459
Z5.GB030,P,-0.03429552678380272,9
Z5.GB030,S,-0.6777168267230975,27
Z5.GB050,P,-0.3592589274440218,205
Z5.GB050,S,0.5364256952518204,298
Z5.GB080,P,-0.21875697469042207,736
Z5.GB080,S,0.24250376629727063,1917
Z5.GB100,P,0.4547499024269632,768
Z5.GB100,S,0.11365614502802521,1199
Z5.GB101,P,0.41798789953783916,1801
Z5.GB101,S,-1.13212820111425,2457
Z5.GB130,P,0.7472107106321004,67
Z5.GB130,S,0.5545770583478178,90
Z5.GB210,P,0.39325710144810677,2129
Z5.GB210,S,0.6335735637959112,3448
Z5.GB220,P,-0.10937003882172282,1322
Z5.GB220,S,0.4918486811527092,2280
Z5.GB260,P,0.04306111215176739,2076
Z5.GB260,S,0.23615882776337574,4131
Z5.GB281,P,0.7333317398813558,3296
Z5.GB281,S,-0.5112780965920264,4445
Z5.GB320,P,-0.05428552032659675,1716
Z5.GB320,S,0.6644931156243783,2898
Z5.GB321,P,0.39469753399912816,3
Z5.GB321,S,1.2679777203577034,18
Z5.GB330,P,1.726650338938717,1182
Z5.GB330,S,0.2825328120298749,2352
Z5.GB331,P,-0.38734321874085814,2306
Z5.GB331,S,0.22783939793799288,3212
Z5.GB380,P,-0.06937063747215709,1199
Z5.GB380,S,0.149752798996419,2420
