yyyy/mm/dd,hh:MM:ss.ff,Latitude,Longitude,Depth (km),Magnitude,# Nonzero Phase Arrivals,RMS (s),Max Azimuthal Gap,Distance to nearest station (km),horizontal med. st. err.,vertical med. st. err.,depth fixed? (1=yes),deployment year,Land Network ID (CNSN=1),Land Network,Notes
'2011/10/21','10:58:59.67',47.869,-124.2613333,35.9,1.1,13,0.26,142,12.3,1.2,1.3,0,1,0,'-',
'2011/11/16','20:10:51.77',48.7755,-124.9676667,21.03,2.44,12,0.57,201,45.3,3.8,23.3,0,1,10830998,'PNSN',
'2011/11/28','00:27:12.78',44.4325,-124.5011667,22.1,1.65,20,0.28,95,10.6,0.6,0.7,0,1,0,'-',
'2011/12/05','14:39:07.32',48.008,-124.31,33.67,2.67,6,0.07,154,10.5,1.6,1.2,0,1,0,'-',
'2011/12/20','00:00:21.16',44.67233333,-124.292,18.41,1.93,23,0.4,106,20.2,0.5,0.6,0,1,10832893,'PNSN',
'2011/12/20','10:48:38.14',44.6225,-124.2955,19.49,1.49,18,0.3,58,19.8,0.5,0.5,0,1,0,'-',
'2011/12/29','07:18:26.60',45.169,-124.5898333,16.49,1.81,16,0.36,92,7.1,1.3,1.1,0,1,0,'-',
'2011/12/29','12:25:41.92',48.65533333,-124.8326667,12.26,2.59,7,0.19,200,42.6,3.4,1.3,0,1,1,'CNSN',
'2012/01/14','21:26:23.82',46.12316667,-124.3175,16.13,1.44,8,0.37,140,36,1.5,6.7,0,1,0,'-',
'2012/02/09','11:27:18.80',45.03366667,-125.5695,12.91,1.27,8,0.16,146,32.6,0.8,15.8,1,1,0,'-',
'2012/02/21','16:11:23.08',49.4485,-126.849,5,3.96,32,1.17,237,34.4,2.8,1.4,0,1,1,'CNSN',
'2012/02/21','23:32:37.53',45.784,-125.3901667,7.14,1.34,11,0.56,117,18,1.5,3.4,0,1,0,'-',
'2012/03/03','12:22:32.67',44.90266667,-124.8693333,18.77,1.59,13,0.39,88,19.6,0.6,1,0,1,0,'-',
'2012/03/11','16:57:20.00',48.6715,-125.0563333,18.13,2.31,9,0.33,167,18.9,6.9,4.1,0,1,1,'CNSN',
'2012/03/12','11:37:20.96',44.377,-124.4253333,9.66,2.71,31,0.36,70,18.9,0.4,1.3,0,1,60386742,'PNSN',
'2012/03/12','18:03:47.67',45.67516667,-125.4846667,13.74,0.96,5,2.13,146,32.1,12.2,98.9,1,1,0,'-',
'2012/03/20','08:43:46.42',44.36883333,-124.4166667,7.97,2.75,30,0.33,72,20,0.4,0.8,0,1,60403911,'PNSN',
'2012/03/20','09:28:37.13',44.39566667,-124.473,19.6,3.17,29,0.58,66,14.6,0.8,1.1,0,1,60403916,'PNSN',
'2012/03/25','11:19:17.51',47.75733333,-124.6655,5,1.77,17,1.4,111,22.4,2.6,3.2,0,1,60404986,'PNSN',
'2012/03/26','00:15:53.18',44.40066667,-124.4798333,19.66,1.86,20,0.57,71,13.8,1,1.3,0,1,60405071,'PNSN',
'2012/04/10','17:58:32.85',46.48633333,-125.0881667,12.85,1.15,7,0.39,166,23.6,1.6,3.4,0,1,0,'-',
'2012/04/17','01:46:06.63',44.60233333,-124.2785,20.48,1.88,15,0.37,95,18.6,0.7,1,0,1,0,'-',
'2012/04/17','15:41:20.03',44.602,-124.2921667,20.08,1.57,15,0.41,76,19.7,0.9,1,0,1,0,'-',
'2012/04/18','07:33:56.57',44.57716667,-124.2915,17.67,1.7,12,0.24,93,20.2,0.9,0.6,0,1,60394477,'PNSN',
'2012/04/18','15:20:59.65',44.60316667,-124.2806667,19.79,2.56,18,0.37,95,18.8,0.7,0.5,0,1,60410241,'PNSN',
'2012/04/18','22:30:49.15',44.61183333,-124.2868333,20.92,1.47,14,0.41,73,30.8,1,2,0,1,0,'-',
'2012/04/22','09:18:16.33',44.36016667,-124.5065,21.71,1.14,16,0.28,96,15.5,0.6,0.8,0,1,0,'-',
'2012/05/06','05:46:00.25',46.97333333,-125.0761667,5.83,0.96,12,0.48,103,25.7,1.1,1.8,0,1,0,'-',
'2012/05/17','13:30:16.94',44.35133333,-124.4823333,17.12,1.52,18,0.51,100,17.5,0.9,1,0,1,60418736,'PNSN',
'2012/05/17','19:51:15.82',44.3345,-124.5055,17.74,2.23,31,0.62,73,17.9,0.8,1.1,0,1,60418886,'PNSN',
'2012/05/28','07:26:27.30',48.1505,-125.8883333,4.69,2.43,41,0.38,122,27.6,0.6,1.1,0,1,60406962,'PNSN',
'2012/06/01','05:09:38.85',45.80366667,-124.732,16.87,1.25,6,0.2,151,46.4,0.9,4.9,0,1,0,'-',
'2012/06/03','17:46:19.66',44.289,-124.4793333,8.23,1.57,19,0.23,90,23.4,0.4,0.8,0,1,60424346,'PNSN',
'2012/06/04','11:42:59.78',44.29366667,-124.4783333,8.01,0.72,14,0.17,91,23,0.4,0.8,0,1,0,'-',
'2012/06/08','00:24:08.51',46.3225,-124.0833333,13.35,1.99,13,0.1,160,17.1,0.5,0.7,0,1,60426116,'PNSN',
'2012/06/10','06:55:56.82',41.179,-124.7855,2.68,2.91,32,0.53,304,146.7,16.6,10.2,0,1,60426836,'PNSN',
'2012/09/02','17:30:25.51',42.275,-124.5903333,1.57,1.34,10,0.44,154,31.1,2.1,0.6,0,2,60460471,'PNSN',
'2012/09/04','01:14:12.75',42.2315,-124.6313333,7.52,2.22,6,0.11,164,26.5,1.4,1.1,0,2,60460981,'PNSN',
'2012/09/04','01:32:01.84',42.2385,-124.565,1.64,0.75,9,0.49,164,32.1,4.1,0.8,0,2,0,'-',
'2012/09/04','03:56:04.54',42.23066667,-124.6158333,6.77,1.68,7,0.11,165,27.8,1.4,1.7,0,2,60461026,'PNSN',
'2012/09/05','01:34:52.72',42.226,-124.6306667,8.29,1.25,7,0.04,166,26.5,1.1,0.8,0,2,0,'-',
'2012/09/06','06:01:22.60',42.15016667,-124.6203333,9.25,1.22,7,0.15,190,27.2,1.8,1,0,2,0,'-',
'2012/09/07','01:53:58.82',41.781,-124.1971667,11.02,2.14,10,0.68,91,64.6,2.2,3.5,0,2,0,'-',
'2012/09/07','05:11:21.73',42.35316667,-124.7556667,10.5,1.09,9,1.25,118,24.5,3.6,5.7,0,2,0,'-',
'2012/09/08','11:13:50.20',42.214,-124.5971667,5.73,0.73,6,0.12,170,29,1.1,1.4,0,2,0,'-',
'2012/09/16','22:49:37.67',41.025,-124.7823333,4.23,1.96,10,0.14,150,16.8,0.8,0.5,0,2,0,'-',
'2012/09/18','07:08:24.76',42.23483333,-124.6905,17.31,2.12,7,0.19,161,21.9,1.3,18.1,1,2,60453102,'PNSN',
'2012/09/18','07:14:58.92',42.18283333,-124.6356667,8.28,1.38,12,0.25,180,25.6,1.9,1,0,2,60453337,'PNSN',
'2012/09/18','09:50:53.46',41.219,-124.5793333,10.01,1.7,7,1.6,235,20.9,12.7,18.9,0,2,0,'-',
'2012/09/18','13:12:56.90',42.24533333,-124.6096667,7.99,0.88,7,0.2,161,28.6,1.2,0.9,0,2,0,'-',
'2012/09/19','02:38:40.13',42.2575,-124.6791667,12.67,1.55,8,0.35,154,23.5,1.9,3.7,0,2,0,'-',
'2012/09/19','06:15:05.58',43.19216667,-124.382,8.13,0.85,15,0.9,128,28.4,2.3,3.8,0,2,0,'-',
'2012/09/21','08:58:35.85',42.22366667,-124.6953333,16.79,1.91,15,0.47,70,21.2,0.9,1.9,0,2,60454427,'PNSN',
'2012/09/21','09:07:09.99',42.23116667,-124.6806667,14.95,1.38,14,0.44,73,22.5,0.9,1.8,0,2,0,'-',
'2012/09/22','20:15:31.01',43.37266667,-124.355,13.57,1.88,25,0.5,78,39,1,1.9,0,2,60455007,'PNSN',
'2012/09/24','23:32:56.09',41.15933333,-124.3273333,10.02,1.91,14,1.38,166,13.9,5.8,3.4,0,2,0,'-',
'2012/09/26','02:50:51.43',42.25516667,-124.5696667,6.07,1.07,8,0.08,113,32.1,0.4,0.4,0,2,0,'-',
'2012/10/09','11:17:43.95',42.14,-124.5968333,10.54,0.97,7,0.7,194,29.3,4.5,3.5,0,2,0,'-',
'2012/10/10','23:26:18.42',44.59566667,-124.2803333,21.4,1.81,14,0.22,95,18.9,0.5,0.6,0,2,60462627,'PNSN',
'2012/10/13','10:11:36.78',41.22816667,-124.2525,8.98,0.83,10,0.4,86,9.9,1.9,0.8,0,2,0,'-',
'2012/10/16','06:22:47.35',42.20683333,-124.6496667,7.59,2.22,15,0.37,77,24.6,0.6,0.4,0,2,60464892,'PNSN',
'2012/10/16','11:51:43.28',42.25966667,-124.6665,7.23,1.01,9,0.27,168,24.6,1.3,0.8,0,2,0,'-',
'2012/10/17','03:50:15.51',40.96633333,-124.6898333,30.34,2.62,11,0.16,94,8.7,0.6,1.3,0,2,71860980,'NCSN',
'2012/10/18','09:25:55.67',42.253,-124.6821667,8.9,1.67,13,0.42,82,23.1,0.8,0.6,0,2,0,'-',
'2012/10/20','10:19:40.35',42.678,-124.7253333,16.78,0.88,6,1.78,243,57.8,23.2,33.7,0,2,0,'-',
'2012/10/24','02:08:17.58',42.137,-124.6618333,17.46,0.74,7,0.31,208,24.1,2.1,23.2,1,2,0,'-',
'2012/10/27','02:26:47.61',42.24666667,-124.65,6.6,0.79,7,0.19,163,25.4,2.1,2.1,0,2,0,'-',
'2012/11/01','02:39:45.27',42.218,-124.7333333,14.73,1.05,10,0.57,103,18,1.5,2.3,0,2,0,'-',
'2012/11/01','16:38:42.54',45.01566667,-124.1356667,30.55,1.95,16,0.23,90,35.7,0.6,3.4,0,2,60483561,'PNSN',
'2012/11/03','23:54:43.20',45.02816667,-124.1493333,30.99,2.78,20,0.26,93,34.3,0.6,3.2,0,2,60484031,'PNSN',
'2012/11/04','02:23:25.01',41.367,-124.4006667,4.43,1.48,9,1.02,117,10.4,3.4,4.1,0,2,0,'-',
'2012/11/04','08:59:11.44',40.89333333,-124.0948333,8.83,1.82,29,0.86,85,42.9,1.5,2.1,0,2,71875120,'NCSN',
'2012/11/07','16:02:47.63',43.2295,-124.3451667,3.83,1.28,21,0.58,125,32.2,1.1,0.7,0,2,0,'-',
'2012/11/08','00:21:34.64',42.25666667,-124.7898333,33.49,1.8,7,0.17,170,15.2,0.8,2.1,0,2,60472497,'PNSN',
'2012/11/08','09:58:27.69',45.02083333,-124.1386667,27.4,2.7,20,0.35,91,35.3,0.6,7.1,0,2,60472587,'PNSN',
'2012/11/10','20:48:07.58',41.2965,-124.4531667,11.73,1.31,6,0.29,187,9.2,14,20.9,1,2,0,'-',
'2012/11/11','10:14:38.77',42.24366667,-124.6391667,8.36,1.69,12,0.7,109,26.2,1.5,1.6,0,2,60472587,'PNSN',
'2012/11/11','10:36:06.36',42.21633333,-124.6693333,9.1,1.21,11,0.27,105,23.1,0.7,0.3,0,2,0,'-',
'2012/11/11','11:23:57.81',42.27116667,-124.6931667,9.15,0.99,9,0.48,112,23,1,1,0,2,0,'-',
'2012/11/11','19:22:02.81',45.01616667,-124.1176667,20.43,2.02,15,0.57,109,37.1,1.2,3.2,0,2,60473412,'PNSN',
'2012/11/11','22:01:11.08',42.227,-124.6856667,8.86,1.58,13,0.48,83,22,0.9,0.7,0,2,0,'-',
'2012/11/13','23:19:54.50',42.24866667,-124.5936667,1.26,0.79,7,0.16,159,30,0.5,0.3,0,2,0,'-',
'2012/11/16','09:14:42.14',42.23083333,-124.6633333,30.68,1.23,9,0.34,107,23.9,1.2,4.3,0,2,0,'-',
'2012/11/19','21:28:16.57',42.24,-124.6225,7.94,1.61,11,0.55,109,27.4,1.4,1.1,0,2,0,'-',
'2012/11/20','18:25:09.57',42.234,-124.6378333,6.16,1.65,13,0.23,109,26.1,0.6,0.6,0,2,0,'-',
'2012/11/21','03:12:47.85',42.16333333,-124.6795,10.01,1.89,11,1.23,74,22.2,3.3,2.2,0,2,60488696,'PNSN',
'2012/11/21','11:37:11.41',41.98516667,-125.1363333,8.39,1.43,4,0.47,187,7.5,25.3,20.4,1,2,0,'-',
'2012/11/22','11:41:19.94',42.22966667,-124.6065,16.02,1.17,8,0.46,148,28.5,1.8,6.3,0,2,0,'-',
'2012/11/26','04:04:28.98',42.2325,-124.6155,5.24,0.79,10,0.51,80,27.8,1.3,1.2,0,2,0,'-',
'2012/11/26','17:52:46.42',41.58716667,-124.3188333,12.63,2.28,14,0.52,142,33.8,1.5,3.3,0,2,0,'-',
'2012/11/27','22:12:24.50',42.12583333,-124.2385,4.9,1.36,11,0.33,147,36.8,1.8,4.9,0,2,60489706,'PNSN',
'2012/11/30','16:26:01.46',42.23966667,-124.657,7.72,1.2,12,0.34,108,24.7,0.7,0.6,0,2,0,'-',
'2012/11/30','21:30:15.75',42.1385,-124.4508333,10.48,2.97,31,1.45,87,26.8,2.1,3.2,0,2,60490306,'PNSN',
'2012/11/30','22:43:16.46',42.04116667,-124.332,37.41,1.53,19,0.81,135,25,2.5,7.3,0,2,0,'-',
'2012/12/09','05:44:34.21',42.27183333,-124.7343333,9.98,1.41,15,0.45,111,20,0.8,0.6,0,2,0,'-',
'2012/12/10','20:44:26.57',42.25616667,-124.6318333,1.81,1.29,12,0.45,83,27.2,0.7,0.4,0,2,0,'-',
'2012/12/13','15:06:59.82',42.43566667,-124.6271667,7.79,0.85,9,0.22,143,38.4,1,0.9,0,2,0,'-',
'2012/12/28','17:27:12.31',41.34283333,-124.9188333,26.38,2.52,49,0.67,45,4.8,0.9,2.1,0,2,0,'-',
'2012/12/28','19:02:54.40',41.348,-124.9498333,14,2.36,36,1.24,46,5.3,1.8,4.4,0,2,0,'-',
'2012/12/29','14:05:21.50',42.22116667,-124.6605,6.7,1.17,10,0.17,105,24,0.5,0.4,0,2,0,'-',
'2013/01/03','13:14:24.03',41.40316667,-124.7296667,10.03,2.36,30,2.07,65,20.7,2.4,8.1,0,2,0,'-',
'2013/01/07','16:41:18.10',43.12016667,-124.247,0.03,1.86,22,0.62,96,26.1,1.1,1.5,0,2,0,'-',
'2013/01/08','03:55:01.93',41.54883333,-124.0063333,10,0.66,10,1,125,40.8,3.3,22.4,0,2,0,'-',
'2013/01/08','16:38:51.35',41.563,-125.1235,0.02,1.18,9,0.81,140,33,2.5,1.3,0,2,0,'-',
'2013/01/12','12:56:37.28',42.29216667,-124.6328333,13.69,0.87,8,0.17,117,28.5,0.7,1.6,0,2,0,'-',
'2013/01/18','21:04:27.55',41.01066667,-125.0533333,6.69,1.15,9,0.23,91,33.8,0.8,1.7,0,2,0,'-',
'2013/01/20','03:26:23.42',42.408,-124.5995,8.51,0.8,14,0.54,162,37.9,1.8,1.8,0,2,0,'-',
'2013/01/20','19:09:44.61',42.237,-124.729,10.02,1.3,14,1.07,91,18.9,2.4,1.8,0,2,0,'-',
'2013/01/21','07:15:50.86',42.24433333,-124.7151667,9.99,1.62,10,1.2,168,20.2,8.8,8.4,0,2,60495872,'PNSN',
'2013/01/23','23:39:38.96',42.29183333,-124.3948333,10.2,1.19,12,0.66,100,44.2,2,2.6,0,2,0,'-',
'2013/01/25','00:41:12.08',44.4125,-124.6266667,14.18,2.79,22,0.36,120,6.6,0.7,0.8,0,2,60497317,'PNSN',
'2013/01/25','03:43:08.16',44.41116667,-124.6308333,13.32,3.09,21,0.4,120,6.7,0.7,1,0,2,60497347,'PNSN',
'2013/01/25','04:27:43.00',44.463,-124.7211667,26.67,2.39,30,0.58,79,35.9,1.3,9.6,0,2,60497357,'PNSN',
'2013/01/25','08:58:33.74',44.42433333,-124.6568333,13.8,2.5,27,0.57,106,5.9,1,0.8,0,2,60497382,'PNSN',
'2013/01/31','05:50:17.37',42.27816667,-124.7695,9.09,1.42,13,0.36,134,17.9,0.8,0.4,0,2,0,'-',
'2013/02/05','08:11:29.50',42.291,-124.7126667,5.3,0.89,13,0.54,102,22.6,1.4,1.7,0,2,0,'-',
'2013/02/05','18:39:19.39',42.01683333,-124.5988333,28.37,1.19,11,0.65,103,10.8,1.5,3,0,2,0,'-',
'2013/02/06','21:46:49.89',42.37766667,-124.4768333,13.3,0.77,10,0.3,132,44.3,1.3,3.3,0,2,0,'-',
'2013/02/18','23:29:39.27',41.60766667,-124.4495,12,1.39,6,1.07,266,37,33.1,35.1,0,2,0,'-',
'2013/02/27','17:32:54.64',42.00433333,-124.832,13.68,1.47,17,0.58,123,22.1,1.7,16.9,0,2,0,'-',
'2013/03/06','00:49:32.84',41.51816667,-123.9168333,10,2.31,12,2.52,88,75.7,5.2,99,1,2,0,'-',
'2013/03/13','09:21:24.64',42.17533333,-124.6911667,11.66,1.17,10,0.14,183,21.1,0.8,1.5,0,2,0,'-',
'2013/03/15','13:36:22.60',42.162,-124.6945,10.19,0.9,14,0.5,115,20.9,2,1,0,2,0,'-',
'2013/03/18','01:48:38.78',42.566,-124.8491667,12.07,1.59,16,0.69,115,43.2,2.1,4.4,0,2,0,'-',
'2013/04/04','19:00:39.39',41.89783333,-124.3481667,18.93,2.12,16,0.99,129,58.8,3.1,66.9,1,2,0,'-',
'2013/05/04','09:46:57.60',41.32983333,-124.9043333,14.13,2.1,17,0.76,144,72.8,2.5,57.9,1,2,0,'-',
'2013/05/11','09:19:41.07',41.996,-124.5665,17.54,0.76,7,1.04,222,37.7,14.1,86.1,1,2,0,'-',
'2013/05/12','10:32:18.42',41.94883333,-124.7615,11.56,1.13,7,1.11,156,30.3,4.6,12,0,2,0,'-',
'2013/05/13','17:50:09.40',42.32616667,-124.6603333,15.22,1.2,10,0.68,155,28.4,6,15.2,0,2,0,'-',
'2013/05/19','15:45:54.03',43.36516667,-124.757,47.28,1.42,21,0.61,79,23.9,1.4,3.5,0,2,60531647,'PNSN',
'2013/06/15','06:35:01.05',42.25583333,-124.8315,5.65,1.41,13,0.89,145,12.4,6.6,2.8,0,2,0,'-',
'1902/01/31','46:57:50.28',41.45166667,-121.0281667,10,2.98,6,3.72,3392,50.44,99,31.6,1,2,0,'-',
'2013/09/02','08:30:16.98',49.50583333,-127.575,8.71,2.61,10,0.46,250,73.5,4.3,8.1,0,3,1,'CNSN',
'2013/09/09','22:28:55.82',44.384,-124.6491667,13.47,1.49,18,0.41,151,10.1,1.4,0.7,0,3,0,'-',
'2013/09/14','07:42:40.02',49.09316667,-125.5046667,0.03,2.19,9,0.4,221,18.9,1.2,2,0,3,1,'CNSN',
'2013/09/15','17:21:45.68',48.72416667,-126.5841667,6,1.58,13,0.52,84,29.2,1.2,3.2,0,3,0,'-',
'2013/09/16','08:05:43.11',46.96416667,-124.0336667,34.77,0.86,19,0.21,106,26.2,0.5,1.2,0,3,60592822,'PNSN',
'2013/09/21','02:20:28.64',48.95416667,-126.6103333,0.5,2.55,11,0.13,143,23.3,0.5,0.2,0,3,1,'CNSN',
'2013/09/27','12:39:22.96',49.282,-126.987,5.05,2.51,18,1.03,227,24.2,5.6,3.1,0,3,1,'CNSN',
'2013/10/02','20:51:07.74',45.15983333,-124.3635,12.64,1.42,15,0.3,96,17.3,0.7,1.1,0,3,0,'-',
'2013/10/06','22:59:30.64',45.6725,-124.9531667,10.23,1.43,6,1.8,189,16.1,97.4,17.8,1,3,0,'-',
'2013/10/07','13:19:47.15',45.82316667,-124.5905,16.37,1.43,18,0.33,64,4.3,0.6,0.8,0,3,0,'-',
'2013/10/07','13:31:50.28',45.77533333,-124.5251667,13.47,1.31,9,0.22,219,4.2,1.6,0.8,0,3,0,'-',
'2013/10/19','16:19:30.19',44.44466667,-124.1875,29,1.31,23,0.28,103,34.7,0.5,2.7,0,3,0,'-',
'2013/10/21','03:17:29.64',48.64566667,-125.9373333,9.9,1.67,15,1.21,96,23.2,2.7,7,0,3,1,'CNSN',
'2013/10/21','19:52:44.42',45.941,-124.9346667,9.69,1.1,5,0.04,179,25.8,0.4,0.9,0,3,0,'-',
'2013/11/02','13:21:08.44',44.41566667,-124.6241667,19.26,1.59,21,0.66,145,6.4,1.7,1.3,0,3,0,'-',
'2013/11/05','14:52:46.21',48.04216667,-124.6385,22.69,2.58,7,0.1,209,11.8,1.8,2.5,0,3,60623767,'PNSN',
'2013/11/10','18:38:15.02',45.88233333,-125.8408333,5,1.42,5,1.17,261,38.2,13.1,97.6,1,3,0,'-',
'2013/11/10','21:41:26.98',48.17983333,-126.0601667,0.18,1.75,6,0.33,134,32.6,1.4,0.5,0,3,0,'-',
'2013/12/25','21:15:35.28',45.9475,-124.1868333,14.58,1.05,21,0.42,93,19.9,0.8,1.3,0,3,60661066,'PNSN',
'2014/01/06','08:38:33.06',44.649,-124.2715,19.75,0.79,13,0.28,167,18.1,1.1,0.9,0,3,0,'-',
'2014/01/09','07:55:56.60',44.64266667,-124.302,20.58,1.55,11,0.15,104,20.4,0.5,0.7,0,3,0,'-',
'2014/01/09','14:32:02.56',44.68216667,-124.3125,16.48,1.73,19,0.56,107,22.1,0.8,1.4,0,3,0,'-',
'2014/01/11','21:19:04.88',45.2385,-125.428,11.34,1.65,4,0.03,245,7.7,1.4,0.3,0,3,0,'-',
'2014/01/14','00:35:27.55',49.21566667,-127.2451667,0.01,3.27,27,0.42,217,38.8,1.8,0.4,0,3,1,'CNSN',
'2014/02/16','10:59:01.52',48.08633333,-124.4523333,45.24,0.93,8,0.19,123,13,1.4,1.7,0,3,0,'-',
'2014/03/15','09:02:27.87',44.4205,-124.5633333,16.83,1.47,27,1.41,141,7.5,2.8,2,0,3,0,'-',
'2014/03/18','12:25:47.13',49.393,-127.189,3.54,2.07,16,0.45,237,43.4,3.3,1.5,0,3,1,'CNSN',
'2014/03/21','18:42:47.52',48.78466667,-125.3291667,9.5,2.05,5,0.06,200,15.3,1.1,1.2,0,3,0,'-',
'2014/03/21','18:50:26.07',48.11966667,-124.6161667,17.53,2.38,9,0.16,121,16.8,0.8,1.2,0,3,60725606,'PNSN',
'2014/04/02','18:52:02.60',49.01666667,-126.5588333,5.21,2.14,14,1.24,135,19.1,2.4,4.5,0,3,1,'CNSN',
'2014/04/04','01:38:48.35',44.37216667,-124.4266667,8.94,1.44,15,0.53,150,19.2,1.4,6.3,0,3,0,'-',
'2014/04/07','05:44:39.36',48.438,-125.4465,5,2.23,24,2.81,97,18.5,5.6,7.1,0,3,1,'CNSN',
'2014/04/17','07:31:27.00',45.2775,-125.5166667,10.16,1.1,7,0.5,227,8.6,4.2,2.4,0,3,0,'-',
'2014/04/19','15:07:59.81',49.6945,-127.0285,19.52,2.85,10,0.42,259,64.5,3.3,36.2,1,3,0,'-',
'2014/05/09','16:34:59.64',45.80583333,-125.4523333,5.36,1.3,9,0.29,96,18.4,0.8,1.3,0,3,0,'-',
'2014/05/21','04:04:18.78',49.0075,-126.583,0.02,2.76,11,1.1,128,18.9,4.9,1.5,0,3,1,'CNSN',
'2014/05/30','19:04:47.32',45.00716667,-125.12,1.12,0.87,6,0.21,147,40.6,1.3,0.4,0,3,0,'-',
'2014/06/09','19:54:23.14',44.88616667,-124.5548333,14.09,2.25,7,0.23,126,49.7,0.8,2.2,0,3,0,'-',
'2014/06/10','00:05:45.39',45.1475,-126.0806667,5,1.54,5,0.93,256,55.2,10.5,77.8,1,3,0,'-',
'2014/08/09','22:40:18.39',44.44083333,-124.0166667,34.45,1.93,14,0.12,210,27,0.8,1.1,0,4,60838967,'PNSN',
'2014/08/13','04:31:17.00',41.58866667,-124.2763333,1.77,2.38,12,0.31,101,45,1.1,0.8,0,4,72273040,'NCSN',
'2014/08/13','12:06:45.67',41.624,-124.246,8.5,2.2,11,0.42,105,46.9,1.3,2.1,0,4,0,'-',
'2014/08/13','12:19:04.67',41.62316667,-124.2426667,9.09,1.93,11,0.62,105,47.2,1.6,2.5,0,4,0,'-',
'2014/08/13','21:03:03.92',41.66116667,-124.3608333,11.1,2.04,22,0.64,84,37.2,1.4,1.8,0,4,0,'-',
'2014/08/22','15:30:05.92',41.34066667,-124.2726667,5.65,1.97,24,0.43,97,57.1,1.1,1.3,0,4,72281726,'NCSN',
'2014/08/30','10:32:30.71',42.30333333,-124.5416667,2.04,1.31,14,0.45,135,45.6,1.2,0.6,0,4,60866136,'PNSN',
'2014/09/03','04:33:17.53',42.4375,-125.1021667,31.71,1,8,0.31,175,35.3,1.7,4.1,0,4,0,'-',
'2014/09/17','18:12:17.33',41.39383333,-124.8973333,31.69,1.49,10,0.13,136,30.7,0.6,1.7,0,4,0,'-',
'2014/09/21','12:12:53.22',41.308,-125.2215,6.51,1.58,24,3.28,67,2.9,4.8,9,0,4,0,'-',
'2014/09/21','12:15:22.26',41.13,-124.9598333,7.57,1.4,7,1.25,98,29.6,4.6,12.2,0,4,0,'-',
'2014/09/21','16:30:41.40',42.06266667,-124.2641667,14.69,1.96,17,0.47,97,55.7,1.2,4.9,0,4,60884111,'PNSN',
'2014/09/23','03:17:04.16',41.96383333,-124.2543333,20.32,1.37,7,0.49,168,56.9,3.1,31.1,1,4,0,'-',
'2014/09/28','07:53:01.09',41.43416667,-125.217,12.17,1.14,12,0.44,81,14.8,1.1,2.4,0,4,0,'-',
'2014/09/30','01:29:52.96',41.77383333,-124.6546667,32.09,1.14,12,0.41,73,17.8,1,3,0,4,0,'-',
'2014/10/02','15:38:32.17',43.10333333,-124.78,13.47,1.18,9,0.3,104,6.9,0.9,0.6,0,4,0,'-',
'2014/10/02','16:09:35.04',42.96833333,-124.4398333,21.79,1.63,10,0.85,110,31,2.4,18.3,0,4,0,'-',
'2014/10/10','10:17:23.44',41.65316667,-125.6081667,5,1.33,6,1.1,108,44.4,5.2,92.2,1,4,0,'-',
'2014/10/17','07:58:37.71',46.95066667,-124.9316667,14.6,2.47,6,0.44,2571,53.9,4.6,37.4,1,4,60895052,'PNSN',
'2014/10/21','20:24:24.35',43.23916667,-124.5245,23.42,1.19,16,0.59,96,19.1,1.7,5.8,0,4,0,'-',
'2014/10/27','07:41:41.03',44.379,-124.5641667,7.48,2.78,39,0.97,38,10.1,1.3,1.3,0,4,60910381,'PNSN',
'2014/10/30','08:40:25.55',42.5325,-124.5051667,10.95,1.33,13,0.34,110,71.3,1.2,1.4,0,4,0,'-',
'2014/11/05','20:08:13.74',41.5635,-124.3386667,11.26,2.43,37,0.62,72,40.5,1.1,1.4,0,4,72321111,'NCSN',
'2014/11/08','04:23:38.96',42.467,-124.6773333,5,1.1,12,1.86,104,24.3,4.7,4.5,0,4,0,'-',
'2014/11/11','09:24:33.34',41.384,-124.1843333,20.21,1.59,7,1.87,132,60.5,7.1,99,1,4,0,'-',
'2014/11/19','09:01:55.29',44.331,-124.718,14.44,1.39,20,0.42,84,15.6,0.9,2,0,4,0,'-',
'2014/11/19','21:58:57.81',42.40916667,-124.3688333,7.58,1.09,12,0.2,131,45.6,0.7,0.9,0,4,0,'-',
'2014/12/02','02:13:51.17',44.3545,-124.4415,6.86,0.43,10,0.19,171,18.9,1.7,1,0,4,0,'-',
'2014/12/04','16:33:24.85',42.15366667,-124.6361667,10.13,1.31,11,0.47,106,23.3,1.4,2,0,4,0,'-',
'2014/12/04','19:38:39.45',42.22183333,-124.6751667,11.75,0.64,10,0.95,123,19.2,3.5,7.7,0,4,0,'-',
'2014/12/05','00:39:39.95',42.24816667,-124.7341667,39.75,1.26,6,0.05,192,14.9,0.6,0.9,0,4,0,'-',
'2014/12/05','06:49:55.53',42.2855,-124.6663333,17.43,0.85,6,0.97,140,21.6,5.3,71.2,1,4,0,'-',
'2014/12/13','13:55:55.77',43.95766667,-124.6163333,3.03,1.11,19,0.49,94,18.9,1.1,1.6,0,4,0,'-',
'2014/12/16','23:20:47.22',43.08916667,-124.7455,15.04,1.72,26,0.47,77,7.1,0.7,0.8,0,4,0,'-',
'2014/12/17','01:18:54.53',43.11983333,-124.7973333,14.86,2.62,34,0.53,63,6.7,0.8,0.9,0,4,60938712,'PNSN',
'2014/12/26','04:09:50.46',42.24616667,-124.5643333,4.14,1.14,15,0.91,102,28.6,2.5,2.9,0,4,0,'-',
'2014/12/26','13:54:05.19',42.17266667,-124.5656667,5.7,1.31,12,0.85,183,28.5,4.5,2.9,0,4,0,'-',
'2014/12/28','14:34:59.70',42.23866667,-124.7181667,43.87,1.87,8,0.19,195,15.9,1.1,1.7,0,4,60943242,'PNSN',
'2014/12/29','06:37:34.92',41.71216667,-124.2593333,13.02,1.52,20,0.57,66,46,1.2,4.4,0,4,0,'-',
'2014/12/29','07:40:10.69',41.8625,-124.6585,12.27,0.89,6,0.35,141,25.5,1.7,3.8,0,4,0,'-',
'2014/12/30','20:16:19.28',42.18533333,-124.5593333,3.77,1.2,10,0.54,136,28.9,2.7,2.5,0,4,0,'-',
'2015/01/02','10:21:22.83',42.74833333,-124.7826667,24.32,0.99,15,0.73,67,9.4,1.8,3.7,0,4,0,'-',entry describes 2 events occurring within a few seconds of one another
'2015/01/02','10:33:55.57',42.73716667,-124.8305,29.11,1.22,18,0.27,88,8.3,0.5,1.2,0,4,0,'-',
'2015/01/19','10:19:17.60',41.15866667,-124.5868333,22.76,2.46,39,0.55,111,14,1.7,4.1,0,4,72383101,'NCSN',
'2015/01/19','10:25:56.61',41.12883333,-124.6671667,32.88,1.5,18,0.32,172,10.7,1.2,2,0,4,0,'-',
'2015/01/20','03:13:43.43',47.288,-124.1065,12.07,2.85,9,0.73,228,81.5,8.1,7.2,0,4,60948687,'PNSN',
'2015/01/21','16:09:02.23',43.1205,-124.284,2.13,1.17,18,0.19,99,29.1,0.4,0.7,0,4,0,'-',
'2015/01/21','16:39:04.65',43.1175,-124.2763333,3.38,1.44,15,0.21,97,28.5,0.5,0.7,0,4,0,'-',
'2015/01/21','20:25:33.49',43.08716667,-124.3485,3.45,1.18,9,1.1,140,34.9,3.9,3.3,0,4,0,'-',
'2015/01/22','00:10:42.35',43.01733333,-124.966,8.07,0.67,7,1.35,251,24.5,24.9,20.1,0,4,0,'-',
'2015/02/01','04:08:29.71',41.77766667,-124.6905,39,1.37,13,0.34,112,16.1,1,2,0,4,0,'-',
'2015/02/01','06:23:44.78',41.78566667,-124.681,36.09,1.97,26,0.43,105,17.3,0.9,2.1,0,4,0,'-',
'2015/02/03','10:35:20.48',42.222,-125.0358333,7.23,1.32,6,1.6,136,10.7,9.8,13.7,0,4,0,'-',
'2015/02/04','20:23:27.44',44.639,-124.4488333,5.01,1.4,12,2.87,82,24.9,4.1,9.6,0,4,0,'-',
'2015/02/07','01:51:26.35',42.11116667,-124.8238333,12.25,1.2,14,0.9,109,13,1.9,3.1,0,4,0,'-',
'2015/02/08','18:38:55.03',43.1295,-124.2645,8.51,1.36,23,1.1,55,27.3,1.5,4.9,0,4,0,'-',
'2015/02/13','07:23:42.74',43.22983333,-124.63,9.54,0.79,20,0.68,97,11.8,1.3,1.2,0,4,0,'-',
'2015/02/23','17:46:45.56',43.582,-124.3276667,22.22,1.73,15,0.3,164,29.3,0.8,1.1,0,4,0,'-',
'2015/02/24','23:28:02.47',40.85216667,-124.9316667,5.54,3.54,36,0.27,69,21.8,0.5,0.6,0,4,72401005,'NCSN',
'2015/02/25','05:49:43.78',42.47333333,-124.8586667,9.74,1.36,22,0.32,77,21.8,0.7,1.2,0,4,0,'-',
'2015/02/25','08:00:22.60',42.4615,-124.4028333,7.32,0.94,10,0.43,189,39.8,2,1.8,0,4,0,'-',
'2015/03/18','16:24:01.87',41.27283333,-124.6301667,4.22,1.52,11,0.25,187,26.2,1.3,0.7,0,4,0,'-',
'2015/03/21','07:31:18.42',42.12366667,-124.5255,17.73,2.07,12,0.63,119,56.4,2.2,53.3,1,4,60987066,'PNSN',
'2015/03/24','11:33:42.03',41.5385,-125.2401667,6.85,1.72,14,0.19,75,26,0.5,0.8,0,4,0,'-',
'2015/03/24','18:11:13.24',41.5535,-125.2788333,0.5,1.4,14,0.79,89,27.7,1.7,4,0,4,0,'-',
'2015/03/24','23:29:09.58',41.56116667,-125.2888333,0.02,1.78,11,0.57,75,28.6,1.3,2.4,0,4,0,'-',
'2015/04/01','21:03:13.18',41.327,-124.5941667,6.17,1.72,28,0.48,87,32.3,1.8,0.9,0,4,0,'-',
'2015/04/04','13:49:56.07',44.35333333,-124.5175,38.04,1.47,23,0.42,57,14.6,0.8,2.1,0,4,0,'-',
'2015/04/14','14:37:52.71',44.61866667,-124.4333333,33.23,1.62,21,0.74,110,23.9,1.6,5.4,0,4,0,'-',
'2015/04/15','04:47:08.58',44.57466667,-124.3808333,35.58,1.35,16,0.58,74,23.8,1.5,4.1,0,4,0,'-',
'2015/04/18','13:49:52.64',42.51933333,-124.4541667,12.58,1.98,24,0.69,112,32.8,1.7,3.5,0,4,60988592,'PNSN',entry describes 2 events occurring within a few seconds of one another. Also corresponds to PNSN event 60109408
'2015/04/19','00:57:18.10',44.39283333,-124.5618333,21.76,1.58,23,0.92,66,9,2.1,4.8,0,4,60988822,'PNSN',
'2015/04/21','07:51:38.46',43.922,-124.6281667,28.79,1.07,17,0.5,64,15,1.2,3.2,0,4,0,'-',
'2015/04/23','14:20:11.02',42.856,-124.4771667,14.52,0.84,9,0.39,109,34,1.4,4.4,0,4,0,'-',
'2015/05/06','10:18:44.47',44.6255,-124.2966667,12.87,0.77,13,0.25,86,32.5,0.6,1.2,0,4,0,'-',
'2015/05/15','22:00:00.54',42.775,-124.802,28.99,1.7,23,0.47,57,12.2,0.9,2.2,0,4,0,'-',
'2015/05/16','03:45:23.41',43.97266667,-124.6928333,39.24,1.99,32,0.58,43,21.6,0.9,2.5,0,4,61003837,'PNSN',
'2015/05/21','13:54:46.95',41.338,-124.8318333,31.2,1.95,18,0.1,150,35.7,0.4,1,0,4,0,'-',
'2015/05/21','15:19:28.21',41.34366667,-124.8195,3.95,1.66,16,0.22,153,35.3,0.6,0.5,0,4,0,'-',
'2015/05/24','11:00:57.20',44.40316667,-124.6133333,18.55,1.38,26,0.6,90,6.1,1.2,2.8,0,4,0,'-',
'2015/05/26','20:07:20.37',42.07883333,-124.4358333,17.64,1.53,11,0.44,132,55.6,1.7,37.4,1,4,61023351,'PNSN',
'2015/06/01','18:10:11.75',41.53383333,-125.3161667,2.87,1.15,14,1.45,88,25.9,3.5,8,0,4,0,'-',
'2015/06/25','20:25:34.85',44.3625,-124.5836667,11.66,2.45,37,0.78,48,11.1,1,2.1,0,4,61046681,'PNSN',
'2015/06/26','13:29:46.43',44.39133333,-124.5826667,16.3,2.42,40,0.78,57,8.2,1,1.8,0,4,0,'-',
'2015/06/30','03:40:14.48',44.3695,-124.5661667,5.23,1.14,21,2.14,68,11,3.5,4.9,0,4,61035962,'PNSN',
'2015/07/06','19:03:35.20',42.35666667,-124.1935,0.04,1.03,7,0.43,116,57.4,1.7,2,0,4,0,'-',
'2015/07/06','19:47:16.30',41.29816667,-125.2248333,6.38,1.98,28,2.22,79,2.7,4,8.2,0,4,0,'-',
'2015/07/11','13:45:31.28',44.44483333,-124.544,20.75,0.95,10,0.39,150,7,2.9,1.8,0,4,0,'-',
'2015/07/11','21:36:04.51',42.5455,-124.4433333,10.4,2.15,11,0.62,152,32.3,2.4,2.5,0,4,61040957,'PNSN',
'2015/07/18','02:59:09.84',43.015,-124.7885,8.99,1.47,14,0.56,72,38.9,1.2,2.2,0,4,0,'-',
'2015/07/22','02:37:51.00',44.33933333,-124.6211667,11.58,1.47,25,0.66,95,13.1,1.2,2.5,0,4,61044392,'PNSN',
'2015/07/23','05:06:33.81',41.19433333,-124.6403333,9.96,2.26,36,0.47,49,17.5,1,1.7,0,4,0,'-',
'2015/07/27','02:38:50.38',41.12333333,-124.497,41.69,2.92,32,0.32,118,14.7,1.1,1.4,0,4,72495196,'NCSN',
'2015/07/27','02:44:15.28',41.191,-124.5971667,5.11,2.37,12,1.94,166,17.3,8.6,6.7,0,4,72495206,'NCSN',
'2015/08/02','17:08:42.32',41.32216667,-125.2275,5.09,2.1,28,2.23,80,3.1,3.7,8.2,0,4,0,'-',
'2015/08/16','08:21:47.34',44.38433333,-124.5836667,10.79,1.64,26,0.53,96,68.5,1,1.5,0,4,0,'-',
'2015/08/23','19:03:49.95',41.11833333,-124.7453333,3.69,2.28,13,0.26,136,13.3,1,0.4,0,4,0,'-',
'2015/09/02','15:35:57.21',45.18633333,-124.4006667,20.31,1.8,14,0.34,164,47.4,1.3,2.3,0,4,61074106,'PNSN',
