comcat_id,time,lat,lon,depth,mag,magtype,mt_type,Mw_mt,strike1,dip1,rake1,event_id,dt_s,dist_km,ddepth_km,ML_routeA,MW_routeA
nc71330090,2010-01-04 14:24:54.440000+00:00,40.2773333,-123.8685,29.763,4.12,mw,TMTS,4.12,,,,53,0.04,1.2,-6.5,4.53,5.12
nc71338066,2010-01-10 00:27:39.320000+00:00,40.652,-124.6925,28.737,6.5,mw,TMTS,6.5,,,,143,1.79,11.2,-0.6,4.88,5.43
nc71338171,2010-01-10 02:21:39.240000+00:00,40.6086667,-124.7828333,20.38,4.41,mw,TMTS,4.41,,,,196,0.27,13.7,-12.4,3.16,3.88
nc71338301,2010-01-10 06:32:17.020000+00:00,40.3086667,-124.632,16.52,4.12,mw,TMTS,4.12,,,,282,0.25,13.6,-2.3,4.04,4.67
nc71338851,2010-01-11 06:44:37.890000+00:00,40.4626667,-124.8486667,23.561,4.05,mw,TMTS,4.05,,,,451,-0.21,17.4,-12.7,3.49,4.17
usp000h60g,2010-01-12 21:51:45.060000+00:00,48.67,-128.889,10.0,4.4,mwr,Mwr,4.43,120.0,67.0,167.0,552,-0.87,6.5,-11.1,2.84,3.59
nc71348851,2010-02-04 20:20:21.970000+00:00,40.4123333,-124.9613333,23.048,5.88,mw,TMTS,5.88,,,,1172,0.56,5.3,-11.3,5.48,5.97
nc71359410,2010-03-06 08:46:23.810000+00:00,40.3198333,-124.7333333,12.397,4.53,mw,TMTS,4.52,,,,2006,0.96,23.7,8.0,4.79,5.35
usp000h99x,2010-03-13 04:53:39.910000+00:00,44.218,-129.355,10.0,5.0,mwc,Mwc,5.01,338.0,41.0,-91.0,2143,3.16,17.3,8.0,3.75,4.41
nc71382461,2010-04-15 08:36:06.630000+00:00,40.2703333,-125.7648333,29.102,4.52,mw,TMTS,4.51,,,,2882,-3.66,37.1,-14.0,3.4,4.09
usp000hcf0,2010-05-07 17:46:13.940000+00:00,44.362,-129.467,10.0,5.5,mwb,Mwc,5.48,31.0,89.0,1.0,3324,2.53,19.6,-4.4,3.73,4.39
usp000hcff,2010-05-07 20:02:18.840000+00:00,44.416,-129.481,10.0,5.0,mwc,Mwc,5.03,32.0,65.0,-6.0,3328,3.75,23.0,-4.2,3.14,3.86
usp000hcpr,2010-05-13 05:35:12.200000+00:00,42.263,-126.499,10.0,5.3,mwc,Mwc,5.29,332.0,81.0,-171.0,3404,0.12,24.6,8.4,3.88,4.52
nc71409946,2010-06-05 09:05:26.140000+00:00,40.3953333,-125.4646667,25.664,4.25,mw,TMTS,4.24,,,,3906,0.96,11.4,-12.1,3.66,4.33
usp000hh0t,2010-07-28 16:12:05.610000+00:00,43.756,-125.815,10.0,5.2,mwc,Mwc,5.19,19.0,70.0,-17.0,5056,1.54,26.0,20.8,4.03,4.66
nc71442000,2010-08-16 12:05:17.110000+00:00,40.7711667,-125.1471667,22.849,4.37,mw,TMTS,4.37,,,,5477,0.51,20.0,-17.1,3.76,4.42
usp000hmk3,2010-10-04 05:56:16.870000+00:00,49.447,-129.086,10.0,4.7,mwr,Mwr,4.74,230.0,56.0,18.0,6610,-1.51,48.2,-4.4,2.94,3.68
usp000hmkr,2010-10-04 14:51:54.540000+00:00,49.357,-129.315,10.0,5.3,mwc,Mwc,5.32,233.0,42.0,-10.0,6620,1.1,30.8,-0.3,3.08,3.81
nc71464510,2010-10-05 15:15:27.670000+00:00,40.9511667,-124.8036667,23.55,4.39,mw,TMTS,4.39,,,,6648,0.92,15.0,4.0,3.88,4.53
usp000hn20,2010-10-13 10:50:23.890000+00:00,41.936,-127.038,10.0,4.8,mwc,Mwc,4.77,169.0,42.0,-110.0,6818,2.55,27.9,-0.5,3.15,3.86
uw10807528,2010-11-16 15:51:08.800000+00:00,46.556,-122.432,14.068,4.2,md,Mwr,4.05,245.0,75.0,50.0,7603,-0.42,5.5,-9.9,4.39,4.99
usp000hpyc,2010-11-21 23:46:35.050000+00:00,43.571,-127.23,10.0,5.0,mwc,Mwc,5.02,26.0,80.0,-1.0,7713,-1.19,27.1,11.2,3.29,3.99
usp000hu7s,2011-02-08 07:44:36.820000+00:00,43.719,-127.731,10.0,4.8,mwc,Mwc,4.83,26.0,68.0,10.0,9273,3.67,18.1,14.7,3.51,4.2
usp000hu8d,2011-02-08 22:02:01.870000+00:00,43.541,-127.313,10.0,5.4,mwc,Mwc,5.38,112.0,83.0,-177.0,9285,0.09,17.9,-4.0,4.16,4.78
uw10816153,2011-02-14 18:35:25.730000+00:00,46.2816667,-122.2136667,4.298,4.3,md,Mwr,3.84,163.0,85.0,173.0,9406,-0.36,8.0,-3.6,3.93,4.57
nc71527390,2011-02-23 04:49:41.510000+00:00,39.4993333,-122.9488333,11.431,4.29,mw,TMTS,4.29,,,,9744,-0.05,36.6,-1.5,3.71,4.37
nc71048354,2011-02-23 04:50:14.360000+00:00,39.4938333,-122.9565,9.941,4.21,mw,TMTS,4.21,,,,9745,2.0,16.2,-3.6,4.32,4.93
nc71538646,2011-03-06 13:46:37.910000+00:00,40.4038333,-125.363,24.467,4.54,mw,TMTS,4.54,,,,10006,0.74,17.4,-21.8,3.61,4.29
usp000hvf1,2011-03-06 21:35:47.420000+00:00,44.373,-129.376,10.0,5.0,mwc,Mwc,5.04,318.0,38.0,-108.0,10018,1.08,28.3,-11.9,3.53,4.21
usp000hvf2,2011-03-06 22:23:15.580000+00:00,44.289,-129.432,10.0,5.0,mwc,Mwc,4.96,305.0,47.0,-126.0,10019,2.83,23.4,-7.2,3.62,4.29
usp000hvg9,2011-03-08 01:26:58.190000+00:00,44.318,-129.446,10.0,5.1,mwc,Mwc,5.08,153.0,38.0,-78.0,10049,2.78,28.8,-6.4,3.48,4.17
usp000j20v,2011-05-22 07:21:38.190000+00:00,43.525,-127.034,10.0,4.9,mwc,Mwc,4.9,24.0,72.0,-3.0,11758,-0.27,18.2,-10.1,3.31,4.01
usp000j3cc,2011-06-18 10:49:11.370000+00:00,41.88,-126.997,10.0,5.2,mwc,Mwc,5.24,177.0,33.0,-86.0,12352,1.59,19.3,16.0,3.6,4.28
nc71619485,2011-08-14 19:27:06.240000+00:00,41.027,-125.1661667,20.594,4.1,mw,TMTS,4.1,,,,13702,0.35,6.4,-5.6,3.45,4.14
usp000j7bq,2011-09-01 02:06:23.340000+00:00,43.558,-127.27,10.0,4.8,mwc,Mwc,4.83,31.0,78.0,-10.0,14101,-1.6,21.3,-6.9,2.88,3.63
usp000j7ur,2011-09-09 19:41:34.150000+00:00,49.535,-126.893,22.0,6.4,mww,Mww,6.41,252.0,61.0,-17.0,14358,-1.14,28.7,7.2,4.85,5.4
usp000j82x,2011-09-15 11:02:09.100000+00:00,49.421,-127.194,35.2,4.1,mwr,Mwr,4.08,236.0,66.0,-12.0,14738,1.51,6.2,-2.9,3.43,4.13
usp000j8bm,2011-09-21 04:36:58.990000+00:00,48.928,-129.355,10.0,4.5,mwr,Mwr,4.48,124.0,63.0,155.0,14893,-1.13,10.7,-2.2,2.71,3.47
usp000j99k,2011-10-13 04:14:00.510000+00:00,43.462,-127.135,20.6,5.6,mwc,Mwc,5.55,113.0,76.0,-166.0,15408,-1.24,11.3,-15.2,4.25,4.86
nc71693701,2011-12-08 05:19:12.100000+00:00,40.4148333,-125.5871667,13.622,4.02,mw,TMTS,4.02,,,,17027,1.91,12.3,-7.8,3.4,4.09
nc71718846,2012-01-17 09:55:00.520000+00:00,40.528,-124.7825,23.579,4.28,mw,TMTS,4.28,,,,18147,0.13,6.0,-9.2,3.71,4.37
usp000jege,2012-02-04 20:05:31.710000+00:00,48.887,-127.906,14.6,5.6,mww,Mww,5.59,197.0,74.0,9.0,18656,-0.84,30.5,31.0,4.16,4.78
usp000jegf,2012-02-04 20:08:57.710000+00:00,48.939,-127.64,14.3,4.8,mwr,Mwr,4.75,52.0,45.0,-3.0,18658,-1.76,44.7,36.8,3.8,4.46
nc71734741,2012-02-13 21:07:02.770000+00:00,41.1431667,-123.7903333,27.358,5.6,mw,TMTS,5.6,,,,19060,-0.5,12.1,-10.2,4.29,4.89
usp000jeyq,2012-02-15 03:31:20.610000+00:00,43.625,-127.518,11.0,5.8,mww,Mww,5.83,289.0,74.0,175.0,19121,1.86,22.5,23.1,4.22,4.83
usp000jf07,2012-02-16 06:37:33.300000+00:00,49.089,-127.617,10.0,4.7,mwr,Mwr,4.74,215.0,70.0,0.0,19179,-1.32,46.4,45.5,3.32,4.02
nc71741671,2012-02-25 05:17:15.500000+00:00,40.2795,-124.3138333,19.4,4.28,mw,TMTS,4.27,,,,19461,-0.46,4.7,0.3,3.78,4.43
usp000jhpg,2012-04-11 22:41:46.040000+00:00,43.584,-127.638,8.0,6.0,mwc,Mwc,5.95,20.0,79.0,9.0,20616,2.56,14.4,23.9,4.48,5.07
nc71766345,2012-04-17 20:31:35.110000+00:00,40.9736667,-124.4221667,19.019,4.15,mw,TMTS,4.15,,,,20792,-0.2,2.7,5.4,3.66,4.33
nc71785981,2012-05-15 10:19:33.410000+00:00,40.3913333,-125.4233333,24.068,4.08,mw,TMTS,4.08,,,,21591,0.65,9.7,-18.1,3.35,4.05
nc71819391,2012-07-21 01:52:01.690000+00:00,40.3853333,-125.528,24.632,5.1,mw,TMTS,5.1,,,,23787,1.5,13.8,-10.6,4.39,4.98
nc71819471,2012-07-21 06:04:21.250000+00:00,40.4116667,-125.3308333,5.871,5.19,mw,TMTS,5.19,,,,23794,1.34,8.0,8.8,4.44,5.03
nc71828881,2012-08-09 15:24:26.710000+00:00,40.7633333,-125.1966667,24.561,4.38,mw,TMTS,4.38,,,,24471,0.44,4.9,-7.2,3.94,4.58
usp000jqge,2012-08-19 08:07:35.780000+00:00,47.789,-128.619,10.0,5.6,mww,Mww,5.62,43.0,56.0,0.0,24795,1.04,27.0,36.7,3.77,4.43
nc71842075,2012-09-14 11:53:17.520000+00:00,40.4426667,-124.1856667,26.944,4.43,mw,TMTS,4.42,,,,25829,-0.09,1.9,-4.0,3.88,4.53
nc71859625,2012-10-14 16:53:07.420000+00:00,40.645,-125.2721667,23.088,4.0,mw,TMTS,4.0,,,,27524,0.11,3.1,-4.8,3.27,3.98
usp000jv6k,2012-11-08 02:01:50.630000+00:00,49.231,-128.477,13.7,6.1,mww,Mww,6.14,219.0,80.0,-9.0,28590,-1.57,32.3,37.6,4.36,4.96
usp000jy0e,2013-01-07 03:33:23.920000+00:00,49.113,-128.74,10.0,4.5,mwr,Mwr,4.54,202.0,33.0,-114.0,30897,-0.26,43.8,42.9,3.05,3.78
nc71920936,2013-01-13 10:28:17.650000+00:00,40.3875,-125.316,15.831,4.02,mw,TMTS,4.01,,,,31108,0.94,4.9,-0.9,3.22,3.93
nc71927951,2013-01-24 11:22:57.050000+00:00,40.4415,-125.636,17.472,4.02,mw,TMTS,4.01,,,,31501,0.74,2.3,-5.0,3.21,3.93
usc000ey2g,2013-01-30 03:14:28.490000+00:00,43.638,-127.62,10.0,5.4,mww,Mww,5.35,291.0,84.0,176.0,31696,-1.27,22.8,-5.0,3.78,4.44
usc000fe5b,2013-02-27 22:25:43.920000+00:00,43.22,-126.564,10.0,5.2,mww,Mww,5.2,118.0,69.0,-178.0,32620,-1.76,28.8,7.3,3.74,4.4
nc71947725,2013-03-03 17:46:51.350000+00:00,40.3123333,-124.6685,14.071,4.18,mw,TMTS,4.18,,,,32733,0.34,4.1,5.0,3.45,4.14
nc71959700,2013-03-24 17:25:40.940000+00:00,40.6138333,-124.9688333,13.539,4.29,mw,TMTS,4.29,,,,33405,1.16,5.1,3.9,3.56,4.23
nc71993641,2013-05-18 13:46:08.860000+00:00,40.2858333,-124.4603333,23.339,4.28,mw,TMTS,4.28,,,,35259,0.06,6.5,-2.0,3.66,4.33
usb000iiju,2013-07-20 17:20:57.720000+00:00,43.294,-126.431,15.6,4.6,mwr,Mwr,4.57,81.0,70.0,158.0,36929,-4.34,42.8,-5.3,3.07,3.8
nc72042291,2013-08-03 02:25:49.930000+00:00,40.8081667,-124.4018333,20.433,4.47,mw,TMTS,4.47,,,,37218,-0.09,2.7,2.9,3.91,4.56
usb000iv7t,2013-08-04 13:22:27.640000+00:00,49.6614,-127.4286,10.0,5.5,mwb,Mwb,5.51,207.83,20.19,-5.63,37263,2.24,5.4,23.5,4.52,5.11
usb000j66m,2013-08-19 00:27:41.600000+00:00,41.802,-126.7927,5.0,4.3,mwr,Mwr,4.26,10.46,61.61,-82.86,37599,1.88,19.2,17.0,2.95,3.69
nc72066911,2013-09-09 22:37:17.550000+00:00,40.8051667,-125.433,16.572,4.02,mw,TMTS,4.03,,,,38148,0.78,9.1,-6.6,3.56,4.24
nc72086051,2013-10-11 23:05:37.330000+00:00,40.9835,-124.7498333,8.635,4.94,mw,TMTS,4.94,,,,38846,2.2,8.9,16.7,4.1,4.73
nc72103326,2013-11-08 10:46:56.070000+00:00,41.3256667,-125.2915,11.952,4.65,mw,TMTS,4.64,,,,39531,0.16,4.8,1.5,3.9,4.55
usb000l8n7,2013-12-01 03:19:38.090000+00:00,41.6832,-126.8781,10.09,5.5,mww,Mww,5.53,180.0,21.0,-100.0,40077,-1.79,21.4,-6.3,3.78,4.44
usc000ll77,2013-12-15 18:11:47.540000+00:00,49.2634,-127.811,5.0,4.6,mwr,Mwr,4.63,326.0,76.0,170.0,40479,2.14,18.1,40.6,3.48,4.17
nc72125816,2013-12-17 13:28:01.840000+00:00,40.6915,-124.5063333,17.673,4.11,mw,TMTS,4.11,,,,40548,0.19,0.8,7.2,3.72,4.39
nc72129596,2013-12-24 10:28:49.840000+00:00,40.5145,-124.8226667,9.819,4.3,mw,TMTS,4.3,,,,40708,1.67,6.4,11.5,3.6,4.28
nc72134626,2014-01-02 06:23:09.700000+00:00,40.29,-124.4526667,20.031,4.02,mw,TMTS,4.01,,,,40933,0.11,4.0,-1.3,3.15,3.87
nc72145230,2014-01-23 04:10:41.190000+00:00,40.411,-125.3411667,23.362,4.63,mw,TMTS,4.62,,,,41496,0.51,6.0,-10.9,3.73,4.39
nc72182046,2014-03-10 05:18:13.430000+00:00,40.8286667,-125.1338333,16.441,6.8,mw,TMTS,6.8,,,,42842,-0.14,3.6,-11.4,5.13,5.65
nc72182306,2014-03-10 10:28:18.520000+00:00,40.7778333,-125.1915,18.883,4.47,mw,TMTS,4.46,,,,43030,-0.09,3.3,-3.4,3.78,4.43
usc000nah5,2014-03-13 19:11:34.640000+00:00,41.9039,-126.8982,10.0,5.5,mww,Mww,5.49,13.0,65.0,-75.0,43759,1.4,17.8,12.3,3.45,4.14
nc72185141,2014-03-14 16:32:35.210000+00:00,40.3481667,-124.6103333,19.005,4.0,mw,TMTS,4.0,,,,43842,0.25,3.0,1.9,3.56,4.23
nc72186031,2014-03-16 03:46:09.720000+00:00,40.8585,-125.0218333,24.12,4.01,mw,TMTS,4.01,,,,43997,-0.39,3.7,-7.9,3.55,4.23
nc72187346,2014-03-18 10:33:59.280000+00:00,40.6863333,-125.3328333,22.999,4.41,mw,TMTS,4.4,,,,44122,-0.11,1.9,-9.9,3.49,4.18
usc000nycn,2014-04-01 05:05:57.990000+00:00,49.2167,-129.2085,10.0,4.7,mwr,Mwr,4.71,214.37,80.27,-15.52,44701,-2.85,37.5,-6.0,3.33,4.03
usb000px6r,2014-04-24 03:10:10.150000+00:00,49.6388,-127.7316,10.0,6.5,mww,Mww,6.53,246.0,80.0,-17.0,45458,-0.2,33.3,24.8,4.58,5.16
usb000qqtk,2014-04-24 03:23:33.950000+00:00,49.4739,-127.6726,10.0,4.3,mb,Mwr,5.07,210.0,29.0,-114.0,45462,2.9,17.5,27.6,3.14,3.86
usb000px7e,2014-04-24 03:40:56.820000+00:00,49.5441,-127.7877,10.0,4.7,mwr,Mwr,4.72,33.0,51.0,36.0,45466,3.07,15.5,19.7,3.22,3.93
usb000px8m,2014-04-24 05:16:17.910000+00:00,49.6074,-127.7845,10.0,4.4,mwr,Mwr,3.73,148.0,41.0,145.0,45494,2.47,17.1,19.7,3.13,3.85
usb000pxic,2014-04-24 12:06:56+00:00,49.632,-127.841,10.0,4.1,mwr,Mwr,3.41,172.0,13.0,-151.0,45543,3.17,21.2,-9.4,2.69,3.45
nc72231201,2014-06-02 23:54:19.680000+00:00,40.3455,-124.4201667,18.121,4.14,mw,TMTS,4.14,,,,46856,0.16,2.7,-1.8,3.62,4.29
usb000rtdy,2014-07-16 15:30:11.850000+00:00,43.407,-126.905,10.0,4.6,mwr,Mwr,4.59,140.89,63.21,159.81,48108,-0.81,19.9,1.2,3.3,4.01
usb000sifq,2014-10-03 08:58:39.520000+00:00,41.9018,-126.1825,24.73,4.3,mwr,Mwr,4.31,117.0,79.0,162.0,52118,0.57,2.4,-8.4,3.15,3.87
nc72330211,2014-10-19 14:24:04.460000+00:00,40.2673333,-124.3726667,22.329,4.24,mw,TMTS,4.23,,,,52874,-0.02,3.8,-1.5,3.73,4.39
usb000sz9m,2014-11-23 11:01:25.120000+00:00,43.8195,-128.5466,10.0,5.2,mww,Mww,5.23,359.0,65.0,-100.0,54516,2.31,20.8,20.6,3.45,4.14
nc72359931,2014-12-04 13:09:06.420000+00:00,40.388,-125.3838333,24.038,4.29,mw,TMTS,4.29,,,,55011,-0.17,8.7,-6.9,3.59,4.27
usc000t5vm,2014-12-12 06:08:09.310000+00:00,48.8697,-129.2989,10.0,4.7,mwr,Mwr,4.69,182.0,17.0,-173.0,55313,3.67,1.9,36.2,3.13,3.85
usc000t84b,2014-12-19 01:42:30.370000+00:00,41.0051,-127.3106,10.0,4.6,mwr,Mwr,4.58,44.79,67.19,39.97,55545,1.39,9.7,-11.2,3.11,3.83
nc72373456,2015-01-01 12:16:14.570000+00:00,40.442,-125.7746667,23.9,5.36,mw,TMTS,5.35,,,,56057,1.4,14.2,-9.5,4.65,5.22
usc000td14,2015-01-08 02:02:53.840000+00:00,49.1709,-125.647,24.64,4.8,mww,Mww,4.77,230.0,89.0,-16.0,56329,-1.2,15.3,7.9,4.27,4.87
nc72381011,2015-01-14 10:44:35.040000+00:00,40.3195,-124.6121667,16.159,4.28,mw,TMTS,4.27,,,,56650,0.51,2.8,3.2,3.81,4.46
nc72387946,2015-01-28 21:08:53.710000+00:00,40.3178333,-124.6066667,16.881,5.72,mw,TMTS,5.71,,,,57208,0.7,3.3,0.2,4.16,4.78
nc72388626,2015-01-29 19:13:55.180000+00:00,40.3113333,-124.5891667,17.699,4.25,mw,TMTS,4.24,,,,57387,0.23,2.6,1.0,3.6,4.28
uw60971201,2015-02-18 09:04:11.550000+00:00,47.2491667,-120.7526667,3.559,4.2,ml,Mwr,3.87,100.43,46.06,129.79,58214,-0.15,11.7,-0.1,4.05,4.68
usc000twl9,2015-03-08 20:42:15.680000+00:00,49.0507,-128.8594,27.56,4.9,mwr,Mwr,4.82,146.08,34.89,-164.6,59062,-0.05,23.7,32.6,3.25,3.96
us10001qpf,2015-03-25 19:22:44.560000+00:00,49.4154,-128.1719,13.08,5.1,mww,Mww,5.12,123.0,76.0,-145.0,59805,-0.22,10.6,-8.1,3.49,4.18
us200025qi,2015-04-10 18:59:38.760000+00:00,40.418,-126.1568,19.88,4.7,mwr,Mwr,4.71,86.92,74.35,160.85,60519,-0.71,14.8,-13.2,4.13,4.75
us200025te,2015-04-11 05:44:48.740000+00:00,43.3904,-127.0443,10.0,4.2,mwr,Mwr,4.2,115.48,74.65,151.27,60567,-1.59,19.2,-3.0,3.33,4.03
us200028pe,2015-04-24 01:34:55.550000+00:00,40.4556,-127.1509,10.0,5.4,mww,Mww,5.45,265.0,90.0,167.0,61081,1.73,9.7,-7.4,4.15,4.77
nc72455721,2015-05-26 10:17:35.820000+00:00,40.6508333,-124.712,19.72,4.34,mw,TMTS,4.33,,,,62746,0.76,7.3,-0.7,3.92,4.57
us20002kxa,2015-06-01 06:52:41.340000+00:00,44.4584,-129.8114,10.0,5.8,mww,Mww,5.8,114.0,80.0,-155.0,62990,2.47,9.2,6.1,3.84,4.49
us20002l3n,2015-06-01 20:11:30.610000+00:00,44.4971,-129.9582,10.0,5.9,mww,Mww,5.89,194.0,77.0,-17.0,63012,2.27,11.4,0.3,3.66,4.33
