site,lon,lat,north_rate_mm_yr,east_rate_mm_yr,north_std_mm_yr,east_std_mm_yr,ref_frame
ARLI,-122.1419,48.1741,4.37,2.971,0.217,0.256,NAM14
BDRY,-117.3499,48.9867,1.58,0.383,0.211,0.238,NAM14
BELI,-122.479,48.7553,4.571,2.513,0.207,0.202,NAM14
BEND,-121.3152,44.0572,0.74,3.409,0.182,0.185,NAM14
BLY1,-121.0491,42.4068,-2.563,4.243,0.183,0.187,NAM14
BREW,-119.6826,48.1314,1.969,0.966,0.189,0.188,NAM14
BURN,-117.8436,42.7795,-1.471,1.215,0.298,0.325,NAM14
CHCM,-122.7759,48.0106,5.602,3.72,0.232,0.204,NAM14
CHEM,-121.7858,43.2244,-0.554,4.328,0.197,0.212,NAM14
CHWK,-122.0084,49.1566,3.502,2.025,0.189,0.195,NAM14
CHZZ,-123.9781,45.4865,7.961,9.359,0.203,0.194,NAM14
CLRS,-124.1309,48.8203,7.026,4.918,0.331,0.302,NAM14
CNCR,-121.7493,48.5387,3.503,2.162,0.212,0.22,NAM14
COLV,-117.9033,48.5448,1.629,0.263,0.2,0.19,NAM14
COND,-120.1814,45.2379,0.83,2.061,0.18,0.186,NAM14
CORV,-123.3046,44.5855,4.444,7.042,0.19,0.2,NAM14
CPXX,-122.2565,46.8401,4.234,4.182,0.22,0.195,NAM14
CTPT,-122.894,42.3767,-1.592,7.598,0.203,0.195,NAM14
CVO1,-122.4961,45.6109,4.379,5.447,0.209,0.228,NAM14
DCSO,-123.3415,43.211,0.582,7.753,0.191,0.189,NAM14
DMND,-117.1637,48.1368,1.556,0.124,0.183,0.206,NAM14
DVPT,-118.1478,47.6561,1.971,0.331,0.186,0.209,NAM14
ENTR,-117.2881,45.4313,0.704,0.521,0.193,0.187,NAM14
GARL,-119.3555,40.4165,-4.488,3.397,0.199,0.199,NAM14
GLDR,-126.1273,49.6815,7.396,4.443,0.42,0.356,NAM14
GRCK,-117.6646,48.1436,1.664,0.104,0.211,0.266,NAM14
GRMD,-123.0226,46.7955,5.541,5.559,0.256,0.21,NAM14
GRSV,-120.7874,45.3644,1.54,2.604,0.186,0.19,NAM14
HAHD,-121.7881,47.2908,3.691,3.209,0.251,0.266,NAM14
HCRO,-121.4699,40.8159,-6.042,5.387,0.218,0.213,NAM14
KFRC,-121.7839,42.2242,-2.39,5.515,0.197,0.191,NAM14
KLTS,-118.5582,46.6432,1.023,0.795,0.334,0.43,NAM14
KTBW,-122.7954,47.5473,5.638,4.062,0.192,0.185,NAM14
LFLO,-124.1077,43.9836,5.713,9.026,0.349,0.212,NAM14
LNGB,-122.7583,47.2188,5.42,4.792,0.201,0.188,NAM14
LTAH,-117.1639,47.2824,1.348,0.218,0.18,0.196,NAM14
LWST,-117.0023,46.3732,1.083,0.113,0.209,0.181,NAM14
MDRS,-121.1304,44.664,1.117,3.529,0.187,0.221,NAM14
MODB,-120.3028,41.9023,-3.362,3.945,0.193,0.198,NAM14
NANO,-124.0865,49.2948,6.174,4.21,0.237,0.28,NAM14
NEAH,-124.6249,48.2979,11.27,7.783,0.267,0.266,NAM14
NWBG,-122.9755,45.3001,4.561,6.54,0.214,0.181,NAM14
OAKR,-122.4446,43.7383,1.544,5.56,0.201,0.186,NAM14
P013,-117.33,41.4287,-2.581,0.983,0.184,0.185,NAM14
P018,-117.0646,42.9817,-1.526,0.617,0.189,0.185,NAM14
P020,-118.5658,47.0022,1.328,0.758,0.185,0.185,NAM14
P021,-118.7303,48.6747,1.759,0.813,0.188,0.239,NAM14
P022,-118.0138,45.2318,0.537,0.954,0.197,0.187,NAM14
P060,-122.4149,40.9976,-5.818,6.535,0.205,0.206,NAM14
P061,-124.014,42.9674,1.794,9.679,0.226,0.225,NAM14
P062,-121.0907,43.1124,-1.268,4.039,0.19,0.188,NAM14
P063,-120.9462,44.9227,1.304,2.8,0.189,0.187,NAM14
P065,-120.9331,46.844,2.791,2.232,0.186,0.192,NAM14
P078,-117.8798,40.4334,-4.15,1.752,0.182,0.184,NAM14
P083,-117.4676,40.3206,-3.233,1.051,0.182,0.183,NAM14
P098,-118.6844,39.8889,-5.013,2.828,0.186,0.187,NAM14
P137,-119.4768,40.7798,-4.419,3.355,0.189,0.185,NAM14
P138,-119.0102,40.2422,-4.896,3.15,0.181,0.192,NAM14
P139,-119.7225,39.9082,-6.343,4.721,0.181,0.184,NAM14
P145,-119.6243,41.3577,-3.918,3.39,0.185,0.186,NAM14
P147,-120.2844,39.9374,-7.395,5.841,0.185,0.195,NAM14
P148,-120.806,40.4186,-6.269,5.609,0.195,0.229,NAM14
P151,-120.0773,40.2889,-6.049,4.869,0.189,0.191,NAM14
P154,-123.36,41.8071,-1.749,8.704,0.201,0.223,NAM14
P155,-123.1888,41.2724,-3.519,8.216,0.299,0.203,NAM14
P156,-123.9061,40.0244,-19.731,24.357,0.218,0.209,NAM14
P157,-124.3081,40.2475,-18.813,32.737,0.207,0.198,NAM14
P160,-124.1333,40.5513,-2.42,21.298,0.267,0.2,NAM14
P163,-124.0573,40.2196,-14.299,24.748,0.236,0.209,NAM14
P164,-123.6933,40.1193,-14.525,15.869,0.208,0.185,NAM14
P166,-123.8628,40.4352,-5.786,16.604,0.219,0.209,NAM14
P169,-123.9677,40.7911,0.58,15.978,0.241,0.194,NAM14
P179,-123.6856,42.099,-0.576,9.278,0.208,0.221,NAM14
P191,-123.6323,42.2754,-0.616,8.73,0.187,0.214,NAM14
P315,-123.7169,39.8636,-21.323,20.803,0.208,0.194,NAM14
P316,-124.0861,41.5591,-0.003,10.553,0.265,0.286,NAM14
P322,-123.1825,39.9621,-10.857,8.1,0.229,0.223,NAM14
P325,-123.8826,41.1517,-0.333,10.827,0.232,0.208,NAM14
P329,-123.452,40.0822,-13.876,12.934,0.223,0.215,NAM14
P330,-123.1356,40.3241,-8.803,7.956,0.253,0.198,NAM14
P331,-123.3241,40.7329,-5.75,8.47,0.242,0.209,NAM14
P332,-123.1745,40.5466,-7.456,7.804,0.244,0.204,NAM14
P337,-122.8688,40.2962,-8.93,7.324,0.334,0.331,NAM14
P338,-122.923,40.7476,-6.655,7.518,0.232,0.193,NAM14
P339,-122.6683,40.0341,-9.267,7.327,0.206,0.204,NAM14
P341,-122.6069,40.6507,-7.235,7.094,0.214,0.207,NAM14
P344,-122.028,39.9291,-9.499,7.035,0.195,0.187,NAM14
P345,-122.2708,40.2712,-8.799,6.925,0.204,0.203,NAM14
P348,-121.828,40.9055,-6.508,5.723,0.192,0.19,NAM14
P349,-122.3194,40.7311,-6.972,6.49,0.192,0.234,NAM14
P364,-124.4093,43.0903,5.725,12.282,0.237,0.259,NAM14
P365,-124.2535,43.3955,4.764,10.375,0.208,0.217,NAM14
P366,-123.9796,43.6143,4.083,9.37,0.346,0.265,NAM14
P368,-123.3834,42.5035,-0.978,8.279,0.196,0.209,NAM14
P370,-122.6564,42.191,-1.823,6.869,0.193,0.198,NAM14
P371,-123.0579,43.3633,1.002,6.953,0.198,0.201,NAM14
P373,-123.3333,43.6225,2.003,7.336,0.198,0.208,NAM14
P376,-123.1023,44.9412,4.351,6.994,0.192,0.194,NAM14
P377,-122.8871,44.0521,2.636,5.931,0.197,0.194,NAM14
P378,-122.9309,44.535,3.661,6.169,0.191,0.196,NAM14
P379,-122.577,44.4965,3.04,5.521,0.196,0.192,NAM14
P381,-119.9518,43.0018,-0.992,2.852,0.208,0.199,NAM14
P383,-122.2172,44.3422,2.165,4.85,0.187,0.19,NAM14
P384,-122.4828,44.8411,3.434,5.585,0.228,0.226,NAM14
P386,-118.9678,44.4028,-0.082,1.523,0.187,0.186,NAM14
P388,-120.3776,42.4688,-2.427,3.593,0.187,0.19,NAM14
P389,-120.6034,43.812,-0.147,3.019,0.188,0.235,NAM14
P390,-118.9285,43.034,-1.534,1.837,0.188,0.191,NAM14
P391,-118.4125,42.2546,-2.194,1.676,0.186,0.189,NAM14
P392,-119.001,43.4468,-1.232,1.397,0.258,0.256,NAM14
P393,-117.892,43.2345,-1.166,0.88,0.235,0.188,NAM14
P394,-117.7996,44.8349,0.403,0.807,0.189,0.187,NAM14
P395,-123.8575,45.0223,7.111,8.906,0.226,0.222,NAM14
P396,-123.8229,45.3095,7.555,9.244,0.232,0.199,NAM14
P397,-123.7992,46.4216,8.287,8.094,0.236,0.212,NAM14
P398,-123.9161,46.9258,10.65,8.622,0.189,0.197,NAM14
P402,-124.3059,47.7662,14.271,9.53,0.191,0.226,NAM14
P403,-124.1409,48.0623,10.337,7.863,0.283,0.261,NAM14
P404,-123.3903,45.1585,5.372,7.577,0.189,0.208,NAM14
P408,-123.3766,46.2005,6.246,6.952,0.191,0.198,NAM14
P409,-123.2395,45.8513,5.845,6.968,0.187,0.206,NAM14
P411,-123.1574,45.538,5.342,6.746,0.196,0.209,NAM14
P413,-120.1496,48.4265,2.444,1.119,0.203,0.193,NAM14
P414,-122.6928,45.8349,4.992,5.684,0.24,0.191,NAM14
P416,-121.5969,47.0399,3.392,3.333,0.202,0.211,NAM14
P417,-123.2979,46.5747,5.989,6.475,0.189,0.187,NAM14
P418,-123.4078,47.2366,7.378,6.12,0.196,0.206,NAM14
P421,-122.4292,46.5319,4.479,5.022,0.214,0.198,NAM14
P424,-122.8747,47.8232,6.186,3.91,0.231,0.227,NAM14
P426,-122.5146,47.8027,5.23,3.523,0.219,0.193,NAM14
P427,-122.3406,45.4302,3.696,5.201,0.2,0.199,NAM14
P429,-121.8773,45.6761,2.79,4.546,0.267,0.212,NAM14
P430,-123.4362,47.0038,7.045,6.389,0.199,0.191,NAM14
P432,-121.6832,46.6229,3.236,3.417,0.19,0.189,NAM14
P433,-119.872,44.5325,0.283,2.034,0.19,0.204,NAM14
P434,-121.0756,47.7402,3.087,1.98,0.197,0.199,NAM14
P435,-123.5033,48.0596,7.54,4.97,0.254,0.256,NAM14
P436,-123.1344,48.0453,6.162,4.366,0.219,0.197,NAM14
P437,-122.4592,48.0018,5.11,3.31,0.219,0.21,NAM14
P438,-122.6703,48.4191,5.117,3.171,0.225,0.196,NAM14
P439,-122.9093,48.7082,5.293,3.373,0.232,0.198,NAM14
P441,-122.1396,48.916,3.885,1.984,0.196,0.212,NAM14
P442,-121.6156,48.2605,3.223,1.982,0.311,0.276,NAM14
P444,-121.0676,48.7302,3.083,1.83,0.21,0.221,NAM14
P446,-122.8928,46.1157,5.132,6.033,0.233,0.193,NAM14
P447,-119.6901,45.4528,0.939,1.434,0.189,0.189,NAM14
P448,-120.0052,45.9106,1.746,1.524,0.187,0.193,NAM14
P449,-119.631,46.2598,1.57,1.536,0.185,0.194,NAM14
P450,-119.5442,45.9533,1.35,1.738,0.185,0.189,NAM14
P451,-119.0414,46.7928,1.564,1.059,0.185,0.187,NAM14
P452,-119.4873,47.4035,1.784,0.984,0.182,0.186,NAM14
P454,-118.9926,47.9538,1.828,0.717,0.188,0.192,NAM14
P674,-121.49,41.6163,-5.325,4.581,0.186,0.192,NAM14
P730,-120.8282,41.3592,-4.532,4.706,0.188,0.195,NAM14
P732,-123.8914,43.3925,2.664,8.98,0.278,0.312,NAM14
P733,-124.4133,42.442,3.93,12.202,0.203,0.22,NAM14
P734,-124.2933,42.0766,1.696,11.156,0.241,0.239,NAM14
P735,-123.231,42.6916,-0.63,7.552,0.229,0.203,NAM14
P737,-122.6096,42.7271,-0.857,6.312,0.198,0.193,NAM14
P738,-119.6587,42.5461,-2.221,2.755,0.186,0.19,NAM14
P739,-117.7254,42.0202,-2.438,1.19,0.202,0.194,NAM14
P784,-122.4205,41.8308,-2.729,6.339,0.473,0.217,NAM14
P786,-123.9808,41.8455,0.34,10.67,0.229,0.27,NAM14
P794,-122.9638,39.8457,-10.613,7.959,0.394,0.426,NAM14
PGC5,-123.4511,48.6485,6.219,3.979,0.2,0.207,NAM14
PNVL,-120.8465,44.3129,0.544,3.057,0.175,0.165,NAM14
POME,-117.6317,46.4799,1.255,0.344,0.228,0.238,NAM14
PRDY,-122.6095,47.3914,4.78,3.838,0.192,0.191,NAM14
PTAL,-124.861,49.2563,7.068,5.032,0.216,0.206,NAM14
PTRF,-124.4131,48.5443,9.039,5.617,0.535,0.382,NAM14
PTSG,-124.2552,41.7827,3.083,12.016,0.217,0.205,NAM14
QUAD,-125.3308,50.1325,4.429,4.058,0.206,0.223,NAM14
QUIN,-120.9444,39.9746,-8.271,6.805,0.214,0.228,NAM14
SC03,-123.7057,47.8166,8.868,5.988,0.297,0.414,NAM14
SC04,-123.7041,48.9232,6.397,4.064,0.208,0.198,NAM14
SHLD,-119.0157,41.8684,-2.933,2.362,0.185,0.184,NAM14
SPKN,-117.5026,47.6277,1.686,0.378,0.239,0.2,NAM14
SPRG,-117.9753,47.3099,1.322,0.529,0.206,0.184,NAM14
STAY,-122.8209,44.8307,3.911,6.051,0.197,0.192,NAM14
TFNO,-125.9078,49.1541,11.124,6.866,0.285,0.354,NAM14
TRND,-124.1509,41.0539,2.963,16.342,0.228,0.207,NAM14
TWHL,-122.9229,47.0159,5.432,5.2,0.217,0.199,NAM14
UCLU,-125.5416,48.9256,10.924,7.376,0.356,0.382,NAM14
WALA,-118.2581,46.0915,1.311,0.865,0.273,0.38,NAM14
WMSG,-121.5973,45.1313,2.172,3.387,0.193,0.209,NAM14
WSLR,-122.9212,50.1265,3.964,1.736,0.198,0.188,NAM14
YBHB,-122.7107,41.7317,-2.432,7.021,0.205,0.196,NAM14
YELM,-122.6057,46.9487,4.963,4.734,0.216,0.207,NAM14
ZSE1,-122.1884,47.287,4.625,3.893,0.226,0.248,NAM14
BBUT,-118.295,41.4388,-3.188,1.738,0.401,0.325,NAM14
BCCG,-117.653,49.3119,1.54,0.116,0.2,0.2,NAM14
BCES,-123.4287,48.4293,6.552,4.012,0.213,0.206,NAM14
BCLI,-123.1471,49.1151,5.952,3.785,0.202,0.223,NAM14
BCMR,-122.5385,49.2212,4.598,1.89,0.236,0.257,NAM14
BCSA,-119.2795,50.7003,2.104,0.201,0.689,0.869,NAM14
BCSF,-122.8601,49.1921,4.81,3.225,0.2,0.21,NAM14
BCSL,-119.6442,49.5654,2.233,0.785,0.2,0.228,NAM14
BCSM,-123.7995,48.5595,7.154,4.12,0.301,0.238,NAM14
CCPW,-117.9786,46.3212,1.447,-0.042,0.4,0.421,NAM14
COUR,-124.9956,49.6896,6.872,4.484,0.265,0.332,NAM14
EDNA,-117.3147,40.901,-3.681,1.672,0.321,0.207,NAM14
FWBD,-117.2216,44.2919,-0.217,0.528,0.225,0.201,NAM14
GBN4,-122.1021,44.5681,2.609,4.712,0.528,0.555,NAM14
HALF,-117.0998,44.8724,0.273,0.443,0.204,0.215,NAM14
HOTS,-117.4742,41.1544,-3.071,1.797,0.2,0.2,NAM14
JAKE,-117.0634,41.152,-3.066,2.096,0.353,0.357,NAM14
KLO2,-119.4575,49.8759,2.004,0.78,0.427,0.499,NAM14
LNRD,-118.7101,41.4766,-3.504,1.919,0.2,0.2,NAM14
NACH,-119.2192,39.9966,-5.18,3.535,0.2,0.2,NAM14
OLI1,-119.5454,49.1795,2.176,1.063,0.206,0.228,NAM14
ONLY,-120.2681,40.9638,-4.606,4.628,0.214,0.2,NAM14
PLNA,-119.9668,44.1321,-0.178,2.109,0.231,0.2,NAM14
POTH,-122.0398,44.0969,0.897,5.924,0.563,0.484,NAM14
REVE,-118.1976,50.9892,1.619,-0.84,0.64,0.667,NAM14
RICO,-117.1057,39.8841,-2.657,0.802,0.2,0.2,NAM14
SHEP,-117.6287,40.6761,-3.528,1.519,0.2,0.241,NAM14
SHSH,-117.729,39.8822,-3.429,1.312,0.2,0.2,NAM14
SKND,-118.7082,41.0316,-3.762,2.331,0.2,0.2,NAM14
SLUM,-117.9314,41.1602,-3.163,1.62,0.2,0.2,NAM14
SQMS,-123.1417,49.7252,4.376,2.597,0.283,0.458,NAM14
TIRE,-118.6301,40.6467,-4.163,2.478,0.2,0.2,NAM14
TRIN,-118.6362,40.2899,-4.584,2.633,0.2,0.2,NAM14
UKIA,-118.9366,45.1328,0.526,1.021,0.229,0.254,NAM14
VRNN,-119.2766,50.2636,1.564,-0.142,0.21,0.271,NAM14
WASN,-120.0214,46.3038,2.025,2.017,0.429,0.436,NAM14
REUB,-123.5971,42.7188,0.252,8.311,0.391,0.499,NAM14
CAPE,-124.5653,42.8366,6.331,13.469,0.295,0.366,NAM14
0223,-121.4315,40.2713,-8.832,7.603,0.772,1.037,NAM14
0110,-123.4759,41.4002,-0.968,9.54,0.958,0.854,NAM14
0218,-121.9941,40.5014,-7.441,5.888,0.348,0.384,NAM14
SPR4,-121.1371,46.2269,2.674,2.523,0.324,0.356,NAM14
STEA,-122.7383,43.3435,0.141,6.125,0.413,0.425,NAM14
BLK4,-122.4642,43.16,0.697,5.63,0.341,0.454,NAM14
SOR4,-122.4792,42.0647,-2.296,5.935,0.34,0.392,NAM14
0207,-122.8969,41.4626,-3.603,7.831,0.388,0.435,NAM14
VIDA,-122.5706,44.1456,2.396,5.448,0.521,0.532,NAM14
PONS,-124.1165,44.17,6.404,9.71,0.356,0.794,NAM14
0204,-121.4615,41.9458,-2.625,5.137,0.539,0.61,NAM14
POTA,-119.2822,44.9746,0.21,1.297,0.384,0.388,NAM14
MUMB,-122.5326,41.1844,-4.605,6.478,0.652,0.524,NAM14
0203,-121.9245,41.9536,-2.755,5.175,0.547,1.003,NAM14
GENT,-118.0774,43.7438,-0.746,1.357,0.41,0.475,NAM14
FARV,-122.6533,43.5858,1.265,6.943,0.656,0.849,NAM14
PSTP,-117.6846,43.7943,-0.672,0.733,0.467,0.533,NAM14
BLKF,-121.8914,41.3464,-3.432,6.163,0.767,0.887,NAM14
B407,-117.0056,44.0196,-0.406,-0.202,0.362,0.469,NAM14
R489,-117.4573,44.5776,-0.313,0.74,0.33,0.41,NAM14
BLMT,-117.808,42.3075,-2.745,1.365,0.819,0.648,NAM14
PLMR,-117.8214,45.7691,0.694,0.121,0.334,0.387,NAM14
E262,-117.9241,46.7946,1.361,0.044,0.45,0.54,NAM14
MICK,-118.415,42.6598,-2.063,1.558,0.545,0.585,NAM14
A699,-118.4511,43.2165,-1.146,1.801,0.28,0.32,NAM14
ATHE,-118.4709,45.8126,0.858,1.012,0.2,0.21,NAM14
ANTS,-118.5543,45.1762,0.768,0.762,0.405,0.553,NAM14
ICEH,-118.8802,46.2512,1.226,1.953,0.62,0.74,NAM14
PAUL,-119.0315,45.4989,0.732,1.501,0.2,0.22,NAM14
TNSK,-119.4516,48.6943,2.374,0.733,0.77,1.03,NAM14
FREN,-119.6205,46.963,2.041,1.752,0.2,0.2,NAM14
B317,-119.7275,46.5775,1.413,1.627,0.2,0.2,NAM14
0047,-119.9829,43.59,-0.719,2.622,0.415,0.482,NAM14
L387,-120.063,47.6564,2.316,1.405,0.2,0.23,NAM14
PUMP,-120.4594,46.3157,2.138,2.315,0.2,0.2,NAM14
WENA,-120.5289,46.8397,2.315,2.109,0.2,0.2,NAM14
QURY,-120.5451,47.1868,2.599,1.769,0.2,0.2,NAM14
1882,-120.665,47.768,2.319,1.516,0.2,0.24,NAM14
MERR,-120.6743,50.0856,2.281,1.156,0.2,0.23,NAM14
KAML,-120.7262,50.7508,1.188,0.929,0.21,0.26,NAM14
MANN,-120.7665,49.0723,2.49,1.321,0.21,0.26,NAM14
HTCH,-120.9659,47.1917,3.996,1.831,0.45,0.51,NAM14
COQU,-121.0165,49.6313,2.707,1.234,0.4,0.41,NAM14
Y109,-121.1348,45.2333,1.756,3.05,0.2,0.22,NAM14
ROWE,-121.3045,45.6801,2.386,3.458,0.2,0.2,NAM14
HYAK,-121.3923,47.3885,2.946,2.853,0.22,0.24,NAM14
THAK,-121.421,49.387,2.306,1.244,0.27,0.35,NAM14
MTAD,-121.5419,46.0001,2.647,3.931,0.2,0.2,NAM14
PAN1,-121.7685,46.3078,3.058,3.306,0.586,0.586,NAM14
V546,-121.8776,42.5737,-1.677,5.398,0.2,0.2,NAM14
CRLK,-121.9438,43.5302,-0.111,5.421,0.64,0.77,NAM14
WHEY,-122.0349,45.3762,2.536,5.123,0.53,0.533,NAM14
RKPT,-122.0996,42.4733,-1.856,6.209,0.82,0.98,NAM14
ACME,-122.2036,48.7107,5.321,3.504,1,1.28,NAM14
SEDA,-122.2242,48.5173,4.027,2.655,0.2,0.2,NAM14
THNR,-122.29,47.1027,4.377,4.229,0.2,0.2,NAM14
SEAB,-122.2997,47.6548,4.636,3.329,0.2,0.2,NAM14
SARD,-122.3138,43.9631,2.706,5.26,0.96,1.01,NAM14
4S9B,-122.5908,45.2161,3.932,5.534,0.2,0.2,NAM14
ARP0,-122.8071,46.4773,5.168,5.635,0.2,0.2,NAM14
SATU,-123.1714,48.7741,5.735,3.724,0.72,0.85,NAM14
E141,-123.2911,44.3912,4.377,6.91,0.2,0.2,NAM14
TRLK,-123.5674,44.185,4.02,7.864,0.2,0.34,NAM14
HANS,-123.5699,45.8849,6.719,7.774,0.25,0.27,NAM14
CURT,-123.5989,44.3768,4.073,7.676,0.2,0.2,NAM14
GP44,-123.6255,46.6005,7.178,7.637,0.2,0.2,NAM14
SISK,-123.6969,45.4826,6.799,8.011,0.2,0.23,NAM14
BSTR,-123.7256,43.6604,2.302,8.672,0.38,0.46,NAM14
MSHN,-123.8345,44.7766,6.609,8.758,0.24,0.29,NAM14
FHAM,-123.8604,44.0186,4.485,8.989,0.75,0.49,NAM14
SEAS,-123.9094,46.0162,9.915,8.521,0.2,0.2,NAM14
SMUR,-123.959,46.2065,9.887,9.024,0.2,0.2,NAM14
EARL,-123.9758,49.7528,4.595,3.234,0.41,0.49,NAM14
AGNS,-124.0589,42.5519,2.591,10.439,0.67,0.75,NAM14
JRDR,-124.1035,48.4648,8.134,4.991,0.88,1.03,NAM14
SHEP,-124.1874,49.5346,5.787,3.785,0.44,0.51,NAM14
SOUT,-124.2486,47.2996,15.391,11.418,0.2,0.2,NAM14
QU90,-124.332,47.5402,13.746,11.525,0.661,0.394,NAM14
UILA,-124.5614,47.9368,15.742,9.764,0.2,0.2,NAM14
GREY,-124.7043,48.9955,8.294,5.681,0.48,0.57,NAM14
HAND,-124.9589,49.0693,7.506,5.304,0.45,0.54,NAM14
9072,-125.1336,48.8282,9.677,6.363,0.25,0.22,NAM14
FOUR,-125.2823,49.1917,8.051,4.95,0.44,0.52,NAM14
ANNA,-125.3153,50.4907,1.26,1.072,0.79,0.84,NAM14
GLAC,-125.3644,49.5522,3.315,2.315,0.67,0.72,NAM14
OYST,-125.3995,49.8233,3.953,2.106,0.68,0.74,NAM14
HKUS,-125.8407,50.3349,1.383,2.778,0.69,0.72,NAM14
MOAK,-126.0582,50.1044,2.664,2.159,0.69,0.74,NAM14
5040,-122.5818,46.3695,4.799,4.852,0.58,0.58,NAM14
HERD,-122.2315,41.6282,-3.002,6.141,0.55,0.55,NAM14
HOGB,-120.0041,42.6753,-1.823,3.432,0.65,0.65,NAM14
JHNS,-122.2427,42.1365,-1.959,5.851,0.57,0.57,NAM14
LOPE,-119.3542,41.997,-3.517,3.119,0.45,0.45,NAM14
TAFT,-119.3101,42.6883,-1.763,2.129,0.65,0.65,NAM14
AXIS,-120.285,47.4044,1.189,0.673,0.2,0.2,NAM14
PLMN,-117.1931,46.7339,1.677,0.191,0.24,0.2,NAM14
EABU,-120.9959,43.6672,-0.207,3.406,0.58,0.58,NAM14
L091,-120.6403,43.2885,-0.41,3.524,0.55,0.55,NAM14
Y090,-120.306,43.4279,-0.778,3.073,0.55,0.55,NAM14