network,station,lat,lon,elev,start,end,bands,comps,ver3_picks,in_nets,in_box
3F,FLM45,44.214802,-122.254501,468.2,2010-05-18,2010-05-28,HH,ENZ,0.0,False,True
3F,FLM66,44.2145,-122.254402,458.1,2010-05-18,2010-05-28,HH,ENZ,0.0,False,True
5E,CM01A,40.722698,-123.985397,708.0,2014-10-04,2015-10-10,EH,12Z,0.0,False,True
5E,CM02A,40.660801,-124.1688,122.0,2014-10-04,2015-10-11,EH,ENZ,0.0,False,True
5E,CM03A,40.602798,-123.959099,582.0,2014-10-04,2015-10-11,EH,12Z,0.0,False,True
5E,CM04A,40.5826,-124.108803,111.0,2014-10-04,2015-10-10,EH,ENZ,0.0,False,True
5E,CM05A,40.5396,-124.239403,103.0,2014-10-04,2015-10-10,EH,12Z,0.0,False,True
5E,CM06A,40.483101,-124.2286,649.0,2014-10-04,2015-10-10,EH,ENZ,0.0,False,True
5E,CM07A,40.473099,-124.084099,311.0,2014-10-04,2015-10-11,EH,12Z,0.0,False,True
5E,CM08A,40.435001,-124.281502,417.0,2014-10-05,2015-10-10,EH,ENZ,0.0,False,True
5E,CM09A,40.3321,-124.330498,218.0,2014-10-04,2015-10-10,EH,ENZ,0.0,False,True
5E,CM10A,40.317101,-124.264503,68.0,2014-10-04,2015-10-10,EH,ENZ,0.0,False,True
7A,W01,48.0797,-126.342499,-1697.0,2010-07-13,2011-06-24,BH,12Z,3371.0,True,True
7A,W02,48.2593,-126.496803,-2133.0,2010-07-13,2011-06-25,BH,12Z,12294.0,True,True
7A,W03,48.387501,-126.728699,-2489.0,2010-07-14,2011-06-26,BH,12Z,7121.0,True,True
7A,W04,48.5317,-126.8908,-2319.0,2010-07-14,2011-06-27,BH,12Z,10110.0,True,True
7A,W05,48.6675,-127.013397,-2011.0,2010-07-14,2011-06-27,BH,12Z,0.0,True,True
7A,W06,48.182701,-126.064697,-1001.0,2010-07-15,2011-06-25,BH,12Z,3545.0,True,True
7A,W07,48.374699,-126.282204,-1152.0,2010-07-15,2011-06-25,BH,12Z,3435.0,True,True
7A,W08,48.564499,-126.4011,-1028.0,2010-07-15,2011-06-26,BH,12Z,7451.0,True,True
7A,W09,48.688,-126.577003,-1156.0,2010-07-15,2011-06-28,BH,12Z,7155.0,True,True
7A,W10,48.787899,-126.702202,-1070.0,2010-07-14,2011-06-28,BH,12Z,5335.0,True,True
7D,FC03D,44.813301,-124.738297,-432.0,2014-09-07,2015-10-02,HH,12Z,180326.0,True,True
7D,FN01A,46.882,-124.333702,-54.0,2011-07-27,2012-07-21,HH,12Z,3.0,True,True
7D,FN01C,46.882301,-124.333298,-56.0,2013-08-30,2014-06-27,HH,12Z,211100.0,True,True
7D,FN02C,46.949699,-124.428001,-67.0,2013-08-31,2014-06-28,HH,12Z,193346.0,True,True
7D,FN03C,46.887199,-124.525101,-93.0,2013-08-31,2014-06-28,HH,12Z,293250.0,True,True
7D,FN04C,46.9175,-124.601303,-104.0,2013-08-31,2014-06-26,HH,12Z,356934.0,True,True
7D,FN05A,46.8578,-124.655296,-124.0,2011-07-29,2012-01-10,HH,12Z,0.0,True,True
7D,FN05C,46.857498,-124.655602,-123.0,2013-08-31,2014-06-26,HH,12Z,325487.0,True,True
7D,FN06C,46.922001,-124.7313,-137.0,2013-09-01,2014-06-29,HH,12Z,77.0,True,True
7D,FN07A,46.855499,-124.786499,-154.0,2011-07-28,2012-07-20,HH,12Z,408175.0,True,True
7D,FN07C,46.8554,-124.786003,-158.0,2013-09-01,2014-06-29,HH,12Z,472471.0,True,True
7D,FN08A,46.888802,-124.8769,-177.0,2011-07-29,2012-07-22,HH,12Z,295298.0,True,True
7D,FN08C,46.888699,-124.875999,-176.0,2013-09-02,2014-06-30,HH,12Z,207881.0,True,True
7D,FN09C,46.840199,-124.887199,-198.0,2013-09-01,2014-07-01,HH,12Z,263383.0,True,True
7D,FN10C,46.898102,-124.9935,-811.0,2013-09-02,2014-06-26,HH,12Z,160778.0,True,True
7D,FN11C,46.820499,-125.045403,-619.0,2013-09-02,2014-06-26,HH,12Z,211441.0,True,True
7D,FN12A,46.8885,-125.119202,-650.0,2011-07-27,2012-07-20,HH,12Z,83296.0,True,True
7D,FN12C,46.888699,-125.119003,-656.0,2013-09-03,2014-06-30,HH,12Z,288755.0,True,True
7D,FN13C,47.000401,-125.301102,-1764.0,2013-09-04,2014-06-28,HH,12Z,115183.0,True,True
7D,FN14A,47.024799,-124.964699,-173.0,2011-07-31,2012-07-20,HH,12Z,175401.0,True,True
7D,FN14C,47.024899,-124.964203,-173.0,2013-09-03,2014-06-28,HH,12Z,241807.0,True,True
7D,FN16A,46.799599,-125.516098,-1907.0,2011-10-17,2012-07-21,HH,12Z,51734.0,True,True
7D,FN16C,46.800499,-125.500099,-1728.0,2013-09-04,2014-06-30,HH,12Z,27.0,True,True
7D,FN17C,46.681599,-125.000504,-1015.0,2013-09-03,2014-06-25,HH,12Z,5471.0,True,True
7D,FN18A,46.699799,-124.7248,-163.0,2011-07-30,2012-07-18,HH,12Z,337219.0,True,True
7D,FN18C,46.7001,-124.7248,-166.0,2013-09-02,2014-06-25,HH,12Z,55.0,True,True
7D,FN19C,46.730099,-124.366798,-72.0,2013-08-30,2014-06-29,HH,12Z,268926.0,True,True
7D,FS01B,40.326801,-124.949203,-940.0,2012-09-02,2013-06-19,BH,12Z,34717.0,True,True
7D,FS02B,40.351101,-124.797997,-1402.8,2012-09-13,2013-07-03,HH,12Z,47865.0,True,True
7D,FS02D,40.326,-124.800201,-947.9,2014-07-16,2015-08-28,BH,12Z,108799.0,True,True
7D,FS03B,40.273201,-124.652603,-345.0,2012-09-13,2013-07-02,HH,12Z,983.0,True,True
7D,FS04B,40.244701,-124.509697,-159.0,2012-09-14,2013-07-01,HH,12Z,63113.0,True,True
7D,FS04D,40.2528,-124.505203,-155.0,2014-08-12,2015-09-15,BH,12Z,108961.0,True,True
7D,FS05B,40.3866,-124.899597,-2316.0,2012-08-27,2013-06-12,BH,12Z,22584.0,True,True
7D,FS06B,40.381199,-124.785301,-2198.0,2012-08-27,2013-06-12,BH,12Z,38825.0,True,True
7D,FS06D,40.369999,-124.806702,-1946.8,2014-07-16,2015-08-28,BH,12Z,57070.0,True,True
7D,FS07B,40.339199,-124.659599,-1297.0,2012-09-13,2013-07-03,HH,12Z,40451.0,True,True
7D,FS07D,40.337898,-124.6577,-1273.7,2014-07-17,2015-08-27,BH,12Z,75833.0,True,True
7D,FS08B,40.336601,-124.459801,-120.0,2012-09-14,2013-07-02,HH,12Z,2601.0,True,True
7D,FS08D,40.334702,-124.465302,-132.0,2014-08-12,2015-09-15,BH,12Z,40931.0,True,True
7D,FS09B,40.438702,-124.808502,-2161.0,2012-08-28,2013-06-12,BH,12Z,56311.0,True,True
7D,FS09D,40.437698,-124.803703,-2122.1,2014-07-16,2015-08-28,BH,12Z,98764.0,True,True
7D,FS10B,40.432999,-124.6819,-1076.0,2012-09-13,2013-07-02,HH,12Z,86927.0,True,True
7D,FS10D,40.4328,-124.694,-1153.8,2014-07-17,2015-08-27,BH,12Z,54340.0,True,True
7D,FS11B,40.429199,-124.577797,-132.0,2012-09-15,2013-07-03,HH,12Z,101645.0,True,True
7D,FS11D,40.428501,-124.577499,-150.0,2014-09-15,2015-10-07,HH,12Z,90832.0,True,True
7D,FS12B,40.437099,-124.505898,-60.0,2012-09-14,2013-07-02,HH,12Z,49286.0,True,True
7D,FS12D,40.445599,-124.510498,-55.0,2014-09-15,2015-10-06,HH,12Z,174916.0,True,True
7D,FS13B,40.493099,-124.806503,-2332.0,2012-09-12,2013-07-03,HH,12Z,98193.0,True,True
7D,FS13D,40.493698,-124.803398,-2291.2,2014-07-16,2015-08-28,BH,12Z,105558.0,True,True
7D,FS14B,40.495499,-124.591797,-107.0,2012-09-02,2013-06-19,BH,12Z,9440.0,True,True
7D,FS14D,40.492298,-124.603897,-145.0,2014-09-14,2015-10-06,HH,12Z,78513.0,True,True
7D,FS15B,40.492599,-124.512604,-52.0,2012-09-13,2013-07-03,HH,12Z,24406.0,True,True
7D,FS15D,40.496399,-124.524696,-56.0,2014-09-16,2015-10-07,HH,12Z,27.0,True,True
7D,FS16B,40.538101,-124.739502,-1073.0,2012-09-12,2013-07-03,HH,12Z,120981.0,True,True
7D,FS16D,40.5378,-124.746803,-1080.4,2014-07-16,2015-08-28,BH,12Z,76371.0,True,True
7D,FS17B,40.559799,-124.596497,-146.0,2012-09-15,2013-07-02,HH,12Z,118466.0,True,True
7D,FS17D,40.559799,-124.597,-145.0,2014-09-14,2015-10-06,HH,12Z,256109.0,True,True
7D,FS18B,40.568199,-124.501602,-107.0,2012-09-16,2013-07-01,HH,12Z,79229.0,True,True
7D,FS19B,40.627899,-124.466698,-87.0,2012-09-16,2013-07-01,HH,12Z,96435.0,True,True
7D,FS20B,40.3895,-125.031097,-2378.0,2012-09-12,2013-07-04,HH,12Z,50976.0,True,True
7D,FS41D,40.6124,-124.731003,-1079.3,2014-07-16,2015-08-28,BH,12Z,51149.0,True,True
7D,FS42D,40.715099,-124.463097,-95.0,2014-09-14,2015-10-05,HH,12Z,244655.0,True,True
7D,FS43D,40.711899,-124.5839,-719.0,2014-09-14,2015-10-06,HH,12Z,274661.0,True,True
7D,FS44D,40.760899,-124.702797,-837.0,2014-08-12,2015-09-15,BH,12Z,39222.0,True,True
7D,FS45D,40.799999,-124.520302,-477.0,2014-09-13,2015-09-09,HH,12Z,232414.0,True,True
7D,G01D,39.999901,-124.6008,-1006.7,2014-07-17,2015-08-27,BH,12Z,0.0,True,False
7D,G02B,40.048599,-125.296898,-1920.0,2012-09-03,2013-06-19,BH,12Z,14136.0,True,True
7D,G02D,40.160301,-125.297699,-1741.0,2014-09-16,2015-09-12,HH,12Z,18423.0,True,True
7D,G03A,40.059101,-126.162498,-4113.0,2011-11-17,2012-05-13,BH,12Z,10846.0,True,True
7D,G03B,40.057999,-126.163399,-4051.0,2012-08-27,2013-06-11,BH,12Z,18229.0,True,True
7D,G03D,40.058701,-126.161201,-4056.5,2014-07-14,2015-08-29,BH,12Z,12269.0,True,True
7D,G04B,40.058498,-126.928497,-4368.0,2012-08-27,2013-06-08,BH,12Z,7083.0,True,True
7D,G04D,40.1577,-126.784698,-4350.3,2014-07-14,2015-08-29,BH,12Z,29835.0,True,True
7D,G05B,40.070599,-127.747803,-4462.0,2012-08-27,2013-06-08,BH,12Z,0.0,True,True
7D,G05D,40.143002,-127.825699,-4463.8,2014-07-14,2015-08-29,BH,12Z,0.0,True,True
7D,G09B,40.656799,-124.718697,-842.0,2012-09-16,2013-07-01,HH,12Z,86505.0,True,True
7D,G09D,40.6665,-124.726898,-716.3,2014-07-16,2015-08-28,BH,12Z,47476.0,True,True
7D,G10B,40.677898,-125.553299,-2936.0,2012-09-03,2013-06-19,BH,12Z,21927.0,True,True
7D,G10D,40.788799,-125.554398,-3015.0,2014-08-11,2015-09-15,BH,12Z,91799.0,True,True
7D,G11B,40.6875,-126.376404,-3123.0,2012-08-28,2013-06-09,BH,12Z,23045.0,True,True
7D,G11D,40.7845,-126.4683,-3145.0,2014-08-02,2015-09-14,HH,12Z,56.0,True,True
7D,G12B,40.686901,-127.228897,-3080.0,2012-09-03,2013-06-20,BH,12Z,0.0,True,True
7D,G13B,40.683998,-128.028305,-3215.0,2012-08-26,2013-06-07,BH,12Z,0.0,True,True
7D,G13D,40.748199,-127.937103,-3186.5,2014-07-14,2015-08-30,BH,12Z,0.0,True,True
7D,G17B,41.283901,-124.344597,-123.0,2012-09-17,2013-07-01,HH,12Z,173005.0,True,True
7D,G17D,41.399601,-124.433197,-99.0,2014-09-13,2014-09-16,HH,12Z,2979.0,True,True
7D,G18B,41.301601,-124.936302,-1464.0,2012-09-18,2013-05-16,HH,12Z,25226.0,True,True
7D,G18D,41.304699,-125.255798,-3130.0,2014-09-13,2015-10-05,HH,12Z,43410.0,True,True
7D,G19B,41.3074,-125.773598,-3071.0,2012-08-28,2013-06-13,BH,12Z,24745.0,True,True
7D,G19D,41.3316,-126.027901,-3082.0,2014-09-18,2015-09-14,HH,12Z,42978.0,True,True
7D,G20B,41.298698,-126.613297,-3141.0,2012-08-28,2013-06-11,BH,12Z,18371.0,True,True
7D,G20D,41.451599,-126.8638,-2931.3,2014-07-13,2015-08-30,BH,12Z,42235.0,True,True
7D,G21B,41.316002,-127.453697,-3156.0,2012-08-28,2013-06-11,BH,12Z,0.0,True,True
7D,G21D,41.1227,-127.447998,-3293.4,2014-07-13,2015-08-30,BH,12Z,0.0,True,True
7D,G22B,41.3092,-128.274002,-3038.0,2012-08-26,2013-06-07,BH,12Z,0.0,True,True
7D,G22D,41.433601,-128.016602,-3092.4,2014-07-13,2015-08-30,BH,12Z,0.0,True,True
7D,G25B,41.919899,-124.586098,-430.0,2012-09-18,2013-07-31,HH,12Z,113911.0,True,True
7D,G25D,41.981098,-124.7267,-688.0,2014-09-12,2015-10-08,HH,12Z,123.0,True,True
7D,G26B,41.9249,-125.177498,-2357.0,2012-09-17,2013-08-07,HH,12Z,13639.0,True,True
7D,G26D,41.983799,-125.308296,-3104.0,2014-09-19,2015-10-04,HH,12Z,52541.0,True,True
7D,G27B,41.916599,-126.016701,-3480.0,2012-09-03,2013-06-20,BH,12Z,25463.0,True,True
7D,G27D,42.001301,-125.981697,-2939.0,2014-09-19,2015-10-05,HH,12Z,135.0,True,True
7D,G28B,41.942799,-126.733902,-3327.0,2012-09-05,2013-06-20,BH,12Z,27744.0,True,True
7D,G29B,41.9772,-127.483398,-3197.0,2012-08-29,2013-06-11,BH,12Z,0.0,True,True
7D,G29D,42.2174,-127.605202,-2910.9,2014-07-12,2015-08-31,BH,12Z,0.0,True,True
7D,G30A,41.955002,-128.319305,-3124.0,2011-11-18,2012-05-14,BH,12Z,0.0,True,True
7D,G30B,41.956501,-128.319794,-3119.0,2012-08-26,2013-06-07,BH,12Z,0.0,True,True
7D,G33B,42.548302,-124.716202,-213.0,2012-09-19,2013-06-29,HH,12Z,316.0,True,True
7D,G33D,42.665298,-124.802002,-686.0,2014-08-12,2015-09-17,BH,12Z,48911.0,True,True
7D,G34B,42.555401,-125.200996,-2954.0,2012-09-11,2013-07-06,HH,12Z,24452.0,True,True
7D,G34D,42.5723,-125.448601,-3089.0,2014-09-10,2015-10-04,HH,12Z,66835.0,True,True
7D,G35B,42.5658,-126.055801,-2367.0,2012-08-29,2013-06-10,BH,12Z,15834.0,True,True
7D,G35D,42.555698,-126.399002,-2822.6,2014-07-12,2015-08-31,BH,12Z,53199.0,True,True
7D,G36B2,42.5994,-126.903801,-2423.0,2012-08-29,2013-06-10,BH,12Z,92206.0,True,True
7D,G36D,42.4618,-126.8965,-3779.6,2014-07-12,2015-08-31,BH,12Z,230429.0,True,True
7D,G37B,42.591301,-127.721298,-3004.0,2012-09-05,2013-06-20,BH,12Z,0.0,True,True
7D,G37D,42.628502,-127.300903,-2805.0,2014-07-30,2015-09-12,BH,12Z,0.0,True,True
7D,J06A,43.251499,-128.800995,-3224.0,2011-11-19,2012-05-14,BH,12Z,0.0,True,True
7D,J06B,43.265202,-128.799698,-3220.0,2012-08-26,2013-06-07,BH,12Z,0.0,True,True
7D,J06D,43.252602,-128.804092,-3245.0,2014-07-28,2015-09-11,HH,12Z,0.0,True,True
7D,J09B,43.151001,-124.726997,-252.0,2012-09-02,2013-06-21,BH,12Z,37344.0,True,True
7D,J09D,43.151402,-124.727097,-252.0,2014-09-10,2015-10-07,HH,12Z,294093.0,True,True
7D,J10B,43.3494,-125.543503,-3093.0,2012-09-01,2013-06-18,BH,12Z,14108.0,True,True
7D,J10D,43.348499,-125.545097,-3085.0,2014-09-09,2015-10-03,HH,12Z,79413.0,True,True
7D,J11B,43.541401,-126.367302,-3030.0,2012-08-30,2013-08-10,BH,12Z,20972.0,True,True
7D,J11D,43.541599,-126.368599,-3000.8,2014-07-12,2015-08-31,BH,12Z,26997.0,True,True
7D,J17B,43.790001,-124.614799,-286.0,2012-07-16,2013-06-29,HH,12Z,82121.0,True,True
7D,J17D,43.7873,-124.613403,-285.0,2014-09-09,2015-10-03,HH,12Z,471089.0,True,True
7D,J18B,44.008301,-125.466003,-3047.0,2012-09-01,2013-06-18,BH,12Z,5405.0,True,True
7D,J18D,43.9772,-125.4814,-3050.0,2014-09-08,2015-10-10,HH,12Z,76071.0,True,True
7D,J19B,44.1777,-126.271698,-2968.0,2012-08-30,2013-06-10,BH,12Z,14347.0,True,True
7D,J19D,44.179001,-126.271202,-2955.4,2014-07-11,2015-09-01,BH,12Z,29113.0,True,True
7D,J20B,44.354198,-127.0952,-2934.0,2012-09-06,2013-06-21,BH,12Z,0.0,True,True
7D,J20D,44.360401,-127.108498,-2936.0,2014-07-25,2015-09-09,BH,12Z,0.0,True,True
7D,J21C,44.534199,-128.037598,-2847.0,2013-08-08,2014-05-14,BH,12Z,0.0,True,True
7D,J23A,44.844002,-129.682495,-2655.0,2011-11-21,2012-05-15,BH,12Z,0.0,True,False
7D,J23B,44.845901,-129.682098,-2650.0,2012-08-24,2013-06-06,BH,12Z,0.0,True,False
7D,J23C,44.8438,-129.681,-2653.0,2013-08-08,2014-05-15,BH,12Z,0.0,True,False
7D,J23D,44.8274,-129.680496,-2687.0,2014-07-26,2015-09-10,HH,12Z,0.0,True,False
7D,J25A,44.4729,-124.621597,-142.8,2011-10-21,2012-07-18,BH,12Z,23244.0,True,True
7D,J25B,44.471298,-124.621696,-147.0,2012-07-15,2013-06-27,HH,12Z,508247.0,True,True
7D,J25C,44.473,-124.621696,-144.0,2013-08-22,2014-06-01,BH,12Z,21156.0,True,True
7D,J25D,44.456699,-124.630997,-136.0,2014-09-21,2015-10-01,HH,12Z,236615.0,True,True
7D,J26A,44.654701,-125.4664,-2864.0,2011-10-21,2012-07-15,HH,12Z,17.0,True,True
7D,J26C,44.6534,-125.465302,-2868.0,2013-09-06,2014-06-24,HH,12Z,25967.0,True,True
7D,J26D,44.6577,-125.467003,-2880.0,2014-09-08,2015-09-04,HH,12Z,150450.0,True,True
7D,J27B,44.847599,-126.3069,-2824.0,2012-08-24,2013-06-04,BH,12Z,15802.0,True,True
7D,J27D,44.8489,-126.308296,-2814.8,2014-07-11,2015-09-01,BH,12Z,28234.0,True,True
7D,J28A,45.063599,-127.156403,-2867.0,2011-11-16,2012-05-16,BH,12Z,0.0,True,True
7D,J28B,45.063099,-127.155197,-2866.0,2012-08-24,2013-06-04,BH,12Z,0.0,True,True
7D,J28C,45.061699,-127.1567,-2889.0,2013-08-02,2014-05-21,BH,12Z,0.0,True,True
7D,J28D,45.030102,-127.155998,-2855.8,2014-07-11,2015-09-01,BH,12Z,0.0,True,True
7D,J29A,45.175701,-128.008408,-2849.0,2011-11-20,2012-05-16,BH,12Z,0.0,True,True
7D,J29C,45.1731,-128.005798,-2816.0,2013-08-02,2014-07-07,BH,12Z,0.0,True,True
7D,J30A,45.424198,-128.906906,-2824.0,2011-11-20,2012-05-15,BH,12Z,0.0,True,True
7D,J30C,45.426102,-128.910004,-2786.0,2013-08-07,2014-05-15,BH,12Z,0.0,True,True
7D,J31A,45.553101,-129.672699,-2657.0,2011-11-21,2012-05-16,BH,12Z,0.0,True,False
7D,J31C,45.551899,-129.672394,-2624.0,2013-08-07,2014-05-15,BH,12Z,0.0,True,False
7D,J32C,45.7145,-130.602997,-2756.0,2013-08-08,2014-05-15,BH,12Z,0.0,True,False
7D,J33A,45.106602,-124.570801,-348.7,2011-10-16,2012-07-19,BH,12Z,38671.0,True,True
7D,J33B,45.106602,-124.570602,-350.0,2012-07-14,2013-06-26,HH,12Z,378714.0,True,True
7D,J33C,45.1068,-124.570801,-354.0,2013-08-22,2014-05-29,BH,12Z,29303.0,True,True
7D,J34A,45.305698,-125.414497,-2574.0,2011-10-16,2012-07-17,HH,12Z,2738.0,True,True
7D,J34C,45.306999,-125.415199,-2580.0,2013-09-06,2014-06-24,HH,12Z,46611.0,True,True
7D,J35A,45.498901,-126.2668,-2662.0,2011-10-19,2012-07-18,BH,12Z,17232.0,True,True
7D,J35C,45.4995,-126.268303,-2655.0,2013-08-09,2014-05-19,BH,12Z,19625.0,True,True
7D,J36A,45.685501,-127.122498,-2821.0,2011-10-19,2012-07-18,BH,12Z,0.0,True,True
7D,J36C,45.686501,-127.125198,-2812.0,2013-08-09,2014-05-20,BH,12Z,0.0,True,True
7D,J37A,45.864201,-127.985298,-2862.0,2011-11-28,2012-05-16,BH,12Z,18566.0,True,True
7D,J37C,45.863499,-127.985298,-2886.0,2013-08-02,2014-05-20,BH,12Z,32165.0,True,True
7D,J38A,46.039501,-128.853104,-2734.0,2011-11-23,2012-05-17,BH,12Z,29379.0,True,True
7D,J38C,46.038898,-128.853607,-2731.0,2013-08-07,2014-05-16,BH,12Z,41537.0,True,True
7D,J39A,46.175999,-129.644104,-2659.0,2011-11-22,2012-05-17,BH,12Z,0.0,True,False
7D,J39C,46.176102,-129.643799,-2656.0,2013-08-06,2014-05-16,BH,12Z,0.0,True,False
7D,J41A,45.811901,-124.537201,-175.0,2011-07-25,2012-07-13,HH,12Z,139513.0,True,True
7D,J41C,45.811699,-124.537598,-171.0,2013-08-30,2014-06-24,HH,12Z,98805.0,True,True
7D,J42A,45.933102,-125.299698,-1540.0,2011-10-16,2012-07-17,HH,12Z,39708.0,True,True
7D,J42C,45.932301,-125.299103,-1550.0,2013-09-05,2014-06-29,HH,12Z,44429.0,True,True
7D,J43A,46.137798,-126.172096,-2654.4,2011-10-19,2012-07-17,BH,12Z,16387.0,True,True
7D,J43C,46.137001,-126.172501,-2645.0,2013-08-09,2014-05-19,BH,12Z,15657.0,True,True
7D,J44A,46.323002,-127.039001,-2724.1,2011-10-19,2012-07-18,BH,12Z,37164.0,True,True
7D,J44C,46.324001,-127.040703,-2742.0,2013-08-09,2014-05-19,BH,12Z,28539.0,True,True
7D,J45A,46.520901,-127.9049,-2757.0,2011-11-28,2012-05-18,BH,12Z,14262.0,True,True
7D,J45C,46.520901,-127.904701,-2742.0,2013-08-03,2014-07-07,BH,12Z,39646.0,True,True
7D,J46A,46.663898,-128.7883,-2744.0,2011-11-23,2012-05-18,BH,12Z,20503.0,True,True
7D,J46C,46.664501,-128.789398,-2744.0,2013-08-07,2014-05-16,BH,12Z,38577.0,True,True
7D,J47A,46.8433,-129.713501,-2685.0,2011-11-23,2012-05-17,BH,12Z,0.0,True,False
7D,J47C,46.844002,-129.713898,-2679.0,2013-08-07,2014-05-16,BH,12Z,0.0,True,False
7D,J48A,47.130402,-130.651306,-2973.0,2011-11-23,2012-05-17,BH,12Z,0.0,True,False
7D,J48B,47.128201,-130.638504,-2877.0,2012-08-25,2013-06-06,BH,12Z,0.0,True,False
7D,J48C,47.129501,-130.650696,-2940.0,2013-08-06,2014-05-17,BH,12Z,0.0,True,False
7D,J49A,46.437801,-124.427498,-120.0,2011-07-26,2012-07-13,HH,12Z,355127.0,True,True
7D,J49C,46.438,-124.427803,-113.0,2013-08-30,2014-06-29,HH,12Z,472597.0,True,True
7D,J50A,46.640202,-125.299103,-1909.0,2011-10-17,2012-07-20,HH,12Z,62258.0,True,True
7D,J50C,46.641102,-125.298698,-1931.0,2013-09-04,2014-06-30,HH,12Z,48509.0,True,True
7D,J51A,46.797001,-126.164101,-2610.0,2011-10-19,2012-08-07,HH,12Z,38723.0,True,True
7D,J51C,46.7957,-126.163101,-2626.0,2013-09-06,2014-07-01,HH,12Z,13.0,True,True
7D,J52A,46.992001,-127.0159,-2613.0,2011-11-28,2012-05-18,BH,12Z,21193.0,True,True
7D,J52C,46.992001,-127.0158,-2640.0,2013-08-20,2014-05-31,BH,12Z,41429.0,True,True
7D,J53A,47.1642,-127.922096,-2686.0,2011-11-28,2012-05-18,BH,12Z,32259.0,True,True
7D,J53C,47.164299,-127.922302,-2717.0,2013-08-20,2014-05-31,BH,12Z,44334.0,True,True
7D,J54A,47.3358,-128.8116,-2662.0,2011-11-27,2012-05-18,BH,12Z,21642.0,True,True
7D,J54C,47.3358,-128.811295,-2666.0,2013-08-03,2014-05-18,BH,12Z,52047.0,True,True
7D,J55A,47.530499,-129.707596,-2800.0,2011-11-24,2012-05-19,BH,12Z,0.0,True,False
7D,J55C,47.531502,-129.707794,-2755.0,2013-08-06,2014-05-17,BH,12Z,0.0,True,False
7D,J57A,47.080101,-124.4505,-55.8,2011-10-17,2012-07-15,BH,12Z,12922.0,True,True
7D,J57C,47.080399,-124.4506,-67.0,2013-09-02,2014-06-28,HH,12Z,69679.0,True,True
7D,J58A,47.318802,-125.534401,-1511.0,2011-10-18,2012-07-11,HH,12Z,19596.0,True,True
7D,J58C,47.317799,-125.534599,-1527.0,2013-09-04,2014-06-27,HH,12Z,89209.0,True,True
7D,J59A,47.509602,-126.415298,-2371.0,2011-10-19,2012-07-11,HH,12Z,25855.0,True,True
7D,J59C,47.511101,-126.416801,-2389.0,2013-09-05,2014-06-27,HH,12Z,84277.0,True,True
7D,J61A,47.872501,-128.197205,-2644.0,2011-11-27,2012-05-20,BH,12Z,39111.0,True,True
7D,J61C,47.872799,-128.197205,-2673.0,2013-08-20,2014-05-31,BH,12Z,59369.0,True,True
7D,J63A,48.206501,-130.003296,-2882.0,2011-11-25,2012-05-19,BH,12Z,0.0,True,False
7D,J63B,48.205399,-130.001907,-2857.0,2012-08-25,2013-06-05,BH,12Z,0.0,True,False
7D,J63C,48.2047,-130.005295,-2845.0,2013-08-05,2014-05-17,BH,12Z,0.0,True,False
7D,J65A,47.8913,-125.139603,-165.2,2011-10-17,2012-07-16,BH,12Z,32500.0,True,True
7D,J65C,47.8913,-125.139801,-169.0,2013-08-19,2014-05-29,BH,12Z,54937.0,True,True
7D,J67A,48.150002,-127.084198,-2612.0,2011-11-26,2012-05-19,BH,12Z,30953.0,True,True
7D,J67C,48.151001,-127.0868,-2581.0,2013-08-05,2014-05-19,BH,12Z,79661.0,True,True
7D,J68A,48.480999,-127.829201,-2590.0,2011-11-25,2012-05-19,BH,12Z,70058.0,True,True
7D,J68C,48.481098,-127.8293,-2587.0,2013-08-20,2014-05-31,BH,12Z,54185.0,True,True
7D,J69C,48.626999,-128.738602,-2544.0,2013-08-05,2014-05-17,BH,12Z,109692.0,True,True
7D,J73A,48.7677,-126.192497,-143.3,2011-10-18,2012-07-17,BH,12Z,40272.0,True,True
7D,J73C,48.767899,-126.192596,-133.0,2013-08-19,2014-05-30,BH,12Z,52130.0,True,True
7D,M01A,49.150398,-126.722099,-132.9,2011-10-18,2012-07-16,BH,12Z,30073.0,True,True
7D,M01C,49.150398,-126.722198,-138.0,2013-08-19,2014-05-30,BH,12Z,32447.0,True,True
7D,M02A,48.306999,-125.600403,-139.0,2011-10-18,2012-07-16,BH,12Z,4708.0,True,True
7D,M02C,48.3069,-125.601196,-141.0,2013-08-19,2014-05-30,BH,12Z,15172.0,True,True
7D,M03A,47.888302,-126.103996,-1818.0,2011-10-19,2012-07-11,HH,12Z,40768.0,True,True
7D,M03C,47.888401,-126.104599,-1839.0,2013-08-19,2014-05-30,BH,12Z,35204.0,True,True
7D,M04A,47.558102,-125.1922,-563.4,2011-10-17,2012-07-16,BH,12Z,0.0,True,True
7D,M04C,47.558399,-125.192299,-570.0,2013-08-19,2014-05-29,BH,12Z,12212.0,True,True
7D,M05A,46.1735,-124.934601,-828.2,2011-10-17,2012-07-15,BH,12Z,0.0,True,True
7D,M05C,46.1735,-124.934502,-837.0,2013-08-19,2014-05-29,BH,12Z,31684.0,True,True
7D,M06A,45.529499,-124.926804,-1439.0,2011-10-16,2012-07-17,HH,12Z,26.0,True,True
7D,M06C,45.528702,-124.926102,-1460.0,2013-09-05,2014-06-24,HH,12Z,77538.0,True,True
7D,M07A,44.898701,-125.116798,-1356.5,2011-10-15,2012-07-15,BH,12Z,21341.0,True,True
7D,M07C,44.8988,-125.116798,-1365.0,2013-08-21,2014-06-01,BH,12Z,67.0,True,True
7D,M08A,44.118698,-124.895302,-126.4,2011-10-20,2012-07-18,BH,12Z,29551.0,True,True
7D,M08C,44.1185,-124.895401,-131.0,2013-08-21,2014-06-01,BH,12Z,43434.0,True,True
7D,M09B,44.249699,-125.058899,-914.0,2012-07-17,2013-06-28,HH,12Z,352383.0,True,True
7D,M10B,43.624802,-124.972801,-675.0,2012-07-16,2013-06-29,HH,12Z,8.0,True,True
7D,M11B,42.931999,-125.017097,-1109.0,2012-09-02,2013-06-18,BH,12Z,58018.0,True,True
7D,M12B,42.183998,-124.946098,-1045.0,2012-09-02,2013-06-18,BH,12Z,65165.0,True,True
7D,M13B,41.671501,-124.859596,-909.0,2012-09-18,2013-06-30,HH,12Z,9928.0,True,True
7D,M13D,43.597301,-125.044601,-990.0,2014-09-09,2015-10-03,HH,12Z,6553.0,True,True
7D,M14B,40.985001,-124.589699,-638.0,2012-09-02,2013-06-19,BH,12Z,66270.0,True,True
7D,M14D,42.913601,-124.977898,-997.0,2014-09-10,2015-10-09,HH,12Z,81797.0,True,True
7D,M15D,42.210701,-124.907402,-933.0,2014-09-11,2015-06-27,HH,12Z,240686.0,True,True
7D,M16D,41.6618,-124.807098,-882.0,2014-08-12,2015-09-17,BH,12Z,83458.0,True,True
7D,M17D,41.036999,-124.629799,-749.0,2014-09-12,2015-10-08,HH,12Z,344495.0,True,True
7D,M18B,44.8871,-124.971199,-720.0,2012-07-14,2013-06-27,HH,12Z,15.0,True,True
9P,PAC,43.085,-124.539,-87.0,2015-10-12,2015-10-12,HH,12Z,0.0,False,True
BK,GASB,39.654709,-122.71595,1354.8,2005-09-22,2020-04-24,"BH,HH",ENZ,0.0,True,False
BK,HATC,40.816101,-121.461166,1009.3,2008-04-15,,"BH,HH",ENZ,0.0,True,False
BK,HUMO,42.607101,-122.956688,554.9,2002-06-18,2018-11-29,"BH,HH",ENZ,0.0,True,True
BK,JCC,40.817451,-124.029549,27.2,2001-04-11,,"BH,HH",ENZ,214718.0,True,True
BK,ORV,39.554508,-121.500359,334.7,1992-07-31,,"BH,HH",ENZ,0.0,True,False
BK,SUTB,39.229099,-121.786102,252.0,2008-05-22,,"BH,HH",ENZ,0.0,True,False
BK,WDC,40.57988,-122.54113,268.3,1992-09-17,2016-08-31,"BH,HH",ENZ,0.0,True,True
BK,YBH,41.73204,-122.710388,1059.7,2004-11-18,2011-06-03,"BH,HH",123ENZ,0.0,True,True
C8,BPCB,48.9236,-123.7045,31.0,2008-03-19,2014-06-10,HH,ENZ,0.0,True,True
C8,FHRB,50.0604,-127.1158,5.0,2009-03-12,2015-10-24,HH,ENZ,0.0,True,False
C8,MWAB,49.7411,-125.3032,1176.0,2009-07-31,,HH,ENZ,12491.0,True,True
C8,PA01,48.6526,-123.447,3.0,2010-07-22,2018-12-31,HH,ENZ,55805.0,True,True
C8,PA02,48.6518,-123.4489,3.0,2010-07-22,2016-12-31,HH,ENZ,57657.0,True,True
C8,PA03,48.6517,-123.4448,8.0,2010-07-22,2014-12-31,HH,ENZ,0.0,True,True
C8,PA04,48.651,-123.4462,8.0,2010-07-22,2014-12-31,HH,ENZ,0.0,True,True
C8,PA05,48.6497,-123.4438,8.0,2010-07-22,2017-12-31,HH,ENZ,24251.0,True,True
C8,PA12,48.6482,-123.4496,10.0,2010-07-22,2016-12-31,HH,ENZ,47458.0,True,True
C8,SOKB,48.3947,-123.6731,45.0,2008-03-17,2015-01-18,HH,ENZ,7391.0,True,True
C8,SPLB,49.8921,-125.6526,276.0,2009-07-30,,HH,ENZ,81942.0,True,True
C8,TLCB,50.546,-126.8324,-40.0,2009-03-12,2016-11-06,HH,ENZ,0.0,True,False
C8,TOFB,49.1543,-125.9078,13.0,2009-02-14,,HH,ENZ,64526.0,True,True
CC,ASBU,43.82056,-121.368401,1538.0,2011-08-17,,BH,ENZ,0.0,False,False
CC,CIHL,43.75097,-121.14862,1966.0,2011-08-17,,BH,ENZ,0.0,False,False
CC,CLBH,42.907745,-122.143494,2197.0,2015-08-14,,BH,ENZ,0.0,False,True
CC,CLCV,42.976139,-122.088882,1892.0,2012-01-09,,EH,Z,0.0,False,True
CC,CLMS,42.922958,-122.016258,2719.0,2009-08-07,,EH,Z,0.0,False,True
CC,CPCO,43.72201,-121.23319,2135.0,2011-08-10,,BH,ENZ,0.0,False,False
CC,CRBU,43.55964,-121.70979,1653.0,2015-10-24,,EH,ENZ,0.0,False,False
CC,CRST,43.46064,-121.698517,1354.0,2015-10-24,2016-09-28,BH,ENZ,0.0,False,False
CC,HIYU,45.43523,-121.807396,1418.0,2013-11-19,,EH,ENZ,0.0,False,False
CC,HUSB,44.119455,-121.849361,2038.0,2013-08-14,,EH,ENZ,0.0,False,False
CC,JRO,46.27527,-122.21826,1219.0,2004-10-02,,BH,ENZ,0.0,False,True
CC,KWBU,43.752399,-121.311852,1783.0,2011-08-18,,EH,ENZ,0.0,False,False
CC,NED,46.200249,-122.185493,2060.0,2004-11-20,2013-05-01,EH,Z,0.0,False,True
CC,NORM,43.73896,-121.252678,2181.65,2011-08-17,,BH,ENZ,0.0,False,False
CC,OBSR,46.899719,-121.815331,2382.0,2008-09-10,,BH,ENZ,0.0,False,False
CC,OSO1,48.283697,-121.854406,195.0,2014-03-31,2014-05-10,EH,Z,0.0,False,False
CC,OSO2,48.286652,-121.852805,279.0,2014-03-31,2014-05-08,EH,Z,0.0,False,False
CC,OSO3,48.284958,-121.848385,157.0,2014-03-31,2014-05-03,EH,Z,0.0,False,False
CC,PALM,45.358574,-121.705536,2590.0,2014-09-28,,EH,ENZ,0.0,False,False
CC,PANH,46.859032,-121.642592,2086.0,2007-09-10,,BH,ENZ,0.0,False,False
CC,PRLK,44.20975,-121.96264,1283.0,2006-09-15,,BH,ENZ,0.0,False,False
CC,SEP,46.19978,-122.190857,2114.0,2004-11-05,,EH,ENZ,0.0,False,True
CC,SHRK,45.464317,-121.52877,1318.7,2015-07-15,,BH,ENZ,0.0,False,False
CC,SR41,46.88668,-121.536642,1454.0,2015-07-09,2018-04-28,EH,ENZ,0.0,False,False
CC,STD,46.23749,-122.22421,1189.0,2004-10-05,,BH,ENZ,0.0,False,True
CC,SUG,46.215549,-122.176262,1859.0,2009-08-07,,EH,ENZ,0.0,False,True
CC,SVIC,43.643082,-121.253273,1765.0,2011-08-17,,EH,ENZ,0.0,False,False
CC,SWF2,46.178349,-122.216766,1548.0,2013-08-29,,BH,ENZ,0.0,False,True
CC,SWFL,46.18867,-122.20203,2268.0,2006-10-01,2013-08-28,BH,ENZ,0.0,False,True
CC,SWNB,43.67274,-121.35535,1569.0,2011-08-17,,BH,ENZ,0.0,False,False
CC,TCBU,44.24083,-121.66438,1646.0,2008-04-22,,BH,ENZ,0.0,False,False
CC,TIMB,45.33572,-121.710358,1869.0,2006-09-29,,EH,ENZ,0.0,False,False
CC,TMBU,43.60189,-121.14451,1743.0,2011-08-17,,BH,ENZ,0.0,False,False
CC,VALT,46.214218,-122.189247,1681.0,2006-08-01,2024-06-06,BH,ENZ,0.0,False,True
CC,WIFE,44.05966,-121.81746,1955.0,2004-07-28,,BH,ENZ,0.0,False,False
CC,WIZ,42.934181,-122.149208,1884.0,2012-01-09,,EH,ENZ,0.0,False,True
CN,ALB,49.27,-124.8287,27.0,1996-03-28,2012-11-18,EH,Z,106374.0,True,True
CN,BFSB,48.8336,-125.136,33.0,2013-11-15,,HH,ENZ,138794.0,True,True
CN,BIB,49.4103,-123.3105,38.0,1996-09-04,2019-06-24,EH,Z,377656.0,True,True
CN,BMSB,48.8356,-125.1355,10.0,2003-03-07,2011-11-24,BH,ENZ,3704.0,True,True
CN,BPBC,50.1571,-127.7721,729.0,1995-02-09,2018-06-14,EH,Z,749245.0,True,False
CN,BTB,49.4686,-125.5226,1607.0,1996-10-26,,HH,ENZ,111415.0,True,True
CN,CBB,50.0315,-125.3652,277.0,1996-11-28,,BH,ENZ,0.0,True,False
CN,CLRS,48.8203,-124.1309,174.0,2014-09-11,,HH,ENZ,72402.0,True,True
CN,EDB,49.873,-127.1216,150.0,1982-04-29,,BH,ENZ,167754.0,True,True
CN,ETB,49.3834,-126.5423,13.0,1996-03-28,2020-03-02,EH,Z,76786.0,True,True
CN,GDR,49.7805,-126.0557,123.0,1996-11-28,,EH,Z,213522.0,True,True
CN,GHNB,49.3065,-124.2364,5.0,2003-03-01,,HH,ENZ,0.0,True,True
CN,GOBB,48.9493,-123.5105,173.0,1999-02-02,,EH,Z,193970.0,True,True
CN,HNB,49.2745,-122.5792,183.0,1997-03-08,2010-07-31,BH,ENZ,10103.0,True,True
CN,HNBB,49.2873,-122.5729,392.0,2013-11-18,2019-06-26,HH,ENZ,0.0,True,True
CN,HOLB,50.6402,-128.1331,547.0,1995-02-09,,HH,ENZ,0.0,True,False
CN,HOPB,49.3872,-121.4206,236.0,2001-11-23,,HH,ENZ,0.0,True,False
CN,LLLB,50.609,-121.8815,700.0,1998-11-17,,"BH,HH",ENZ,0.0,True,False
CN,LZB,48.6122,-123.824,794.0,2001-01-10,2014-06-17,BH,ENZ,58238.0,True,True
CN,MAYB,50.4025,-127.1737,1418.0,1994-11-17,,EH,Z,0.0,True,False
CN,MGB,48.9999,-124.697,1310.0,1996-10-26,2017-06-22,HH,ENZ,0.0,True,True
CN,NCRB,50.4035,-126.0553,1293.0,1998-11-17,2020-01-29,EH,Z,0.0,True,False
CN,NLLB,49.2271,-123.9882,199.0,2003-01-01,,BH,ENZ,55045.0,True,True
CN,NTKA,49.5924,-126.6166,12.0,2013-03-23,,HH,ENZ,237450.0,True,True
CN,OZB,48.9612,-125.4978,626.0,1996-03-28,,BH,ENZ,25634.0,True,True
CN,PACB,50.4355,-127.4925,24.0,2010-06-24,,HH,ENZ,0.0,True,False
CN,PFB,48.5747,-124.4541,449.0,1997-03-15,2018-12-20,HH,ENZ,76337.0,True,True
CN,PGC,48.6498,-123.4521,12.0,1993-07-01,,BH,ENZ,64785.0,True,True
CN,PHC,50.7067,-127.433,32.0,1995-12-14,,BH,ENZ,0.0,True,False
CN,SHB,49.5985,-123.8771,1129.0,1996-11-28,,BH,ENZ,35696.0,True,True
CN,SNB,48.7751,-123.1723,402.0,1996-09-04,2021-03-28,"BH,HH",ENZ,605465.0,True,True
CN,TOFB,49.1543,-125.9078,13.0,2009-02-14,,HH,ENZ,0.0,True,True
CN,TXB,49.698,-124.4376,492.0,1997-09-11,2019-08-22,EH,Z,118950.0,True,True
CN,VDB,49.0261,-122.1028,404.0,1997-03-08,2020-01-08,EH,Z,361128.0,True,True
CN,VGZ,48.4131,-123.3251,67.0,1994-07-21,,HH,ENZ,31659.0,True,True
CN,WOSB,50.1608,-126.5704,961.0,1998-11-17,,EH,Z,0.0,True,False
CN,WPB,49.6478,-123.2094,260.0,1996-09-04,,EH,Z,437336.0,True,True
CN,WSLR,50.1266,-122.9212,907.0,2003-05-09,,BH,ENZ,7207.0,True,False
CN,YOUB,48.901,-124.2618,771.0,2003-02-28,2014-09-03,HH,ENZ,0.0,True,True
GS,SEW,47.5497,-122.2504,11.0,2000-09-22,,EH,12ENZ,0.0,False,True
GS,WE2,47.574501,-122.384102,116.0,2006-09-20,,EH,12Z,0.0,False,True
IU,COR,44.5855,-123.3046,110.0,1989-10-26,,"BH,HH",12Z,0.0,False,True
NC,ABJ,39.165771,-121.192993,434.0,1976-07-27,2019-06-26,EH,Z,0.0,True,False
NC,AOH,39.376266,-121.257668,410.0,1977-02-10,2019-06-20,EH,Z,0.0,True,False
NC,GBB,39.80127,-122.345497,170.0,2000-12-06,2024-03-26,EH,Z,0.0,True,False
NC,GBM,39.140854,-122.497391,1010.0,1981-05-06,2020-08-12,EH,Z,0.0,True,False
NC,GCK,39.543755,-122.436684,251.0,2000-06-06,2023-10-10,EH,Z,0.0,True,False
NC,GCW,39.13081,-123.077057,1050.0,1978-03-30,2012-05-08,EH,Z,0.0,True,False
NC,GFC,39.326553,-122.288864,64.0,2001-04-03,,EH,Z,0.0,True,False
NC,GHG,39.128132,-122.824478,871.0,1975-04-18,2019-01-31,EH,Z,0.0,True,False
NC,GHL,39.040627,-123.01944,943.0,1975-07-01,2020-08-19,EH,Z,0.0,True,False
NC,GHM,39.495453,-122.930962,1456.0,1978-05-24,2022-03-07,EH,Z,0.0,True,False
NC,GHO,39.04446,-123.541092,687.0,1989-07-12,,EH,Z,0.0,True,False
NC,GNA,39.197502,-123.632027,318.0,1982-04-15,2019-04-30,EH,Z,0.0,True,False
NC,GRO,39.916843,-122.671165,1261.0,1990-12-13,2021-08-12,EH,Z,0.0,True,False
NC,GTC,39.399441,-123.555321,369.0,1996-08-01,2023-03-25,"EH,SH",Z,0.0,True,False
NC,GTS,39.311611,-122.603378,1069.0,1981-05-07,2020-10-19,EH,Z,0.0,True,False
NC,GVV,39.775097,-122.675514,1457.0,2001-10-24,2021-03-09,EH,Z,0.0,True,False
NC,GWK,39.052151,-122.49205,824.0,1978-05-23,2020-08-18,EH,Z,0.0,True,False
NC,GWR,39.205704,-123.301003,654.0,1978-03-27,,EH,Z,0.0,True,False
NC,KBN,39.892372,-123.19503,1329.0,1979-09-06,2020-11-03,"EH,SH",Z,0.0,True,False
NC,KBO,42.212357,-124.225983,1010.0,2001-08-29,2020-06-25,HH,ENZ,42776.0,True,True
NC,KBS,39.917187,-123.595612,1120.0,1979-10-31,2021-11-05,"EH,SH",Z,0.0,True,False
NC,KCO,40.256748,-124.265984,892.0,2012-09-19,,EH,Z,38430.0,True,True
NC,KCPB,39.68631,-123.58242,1261.0,1999-08-03,2022-11-15,HH,ENZ,0.0,True,False
NC,KCR,40.426441,-123.820641,873.0,1979-09-06,,"EH,SH",Z,129757.0,True,True
NC,KCS,40.53791,-123.513939,1640.0,1992-08-13,2020-11-05,"EH,SH",Z,123265.0,True,True
NC,KCT,40.475567,-124.337486,378.0,1979-09-04,,HH,ENZ,211934.0,True,True
NC,KEB,42.872211,-124.334251,818.0,1993-08-25,2020-01-12,HH,ENZ,120525.0,True,True
NC,KFP,39.638885,-123.42514,768.0,1979-09-05,,"EH,SH",Z,0.0,True,False
NC,KHBB,40.659901,-123.219658,1864.0,2003-09-11,,HH,ENZ,98705.0,True,True
NC,KHMB,40.874748,-123.73259,1501.0,1999-08-06,,HH,ENZ,95314.0,True,True
NC,KIP,39.808407,-123.4813,1341.0,1980-01-24,2019-08-21,"EH,SH",Z,0.0,True,False
NC,KJJ,40.24744,-124.308273,693.0,1991-08-22,2012-09-19,"EH,SH",Z,21516.0,True,True
NC,KKP,40.145794,-123.46965,1226.0,1979-12-12,2020-11-05,"EH,SH",Z,76472.0,True,True
NC,KMPB,40.417194,-124.120758,970.0,2000-04-27,,HH,ENZ,209534.0,True,True
NC,KMR,40.202175,-123.708633,915.0,2003-07-25,,HH,ENZ,265325.0,True,True
NC,KOM,41.278717,-123.453148,1844.0,1982-07-20,,"EH,SH",Z,109256.0,True,True
NC,KPP,40.345791,-123.363281,1738.0,1979-11-01,2020-11-05,"EH,SH",Z,64092.0,True,True
NC,KRK,39.563152,-123.18367,1259.0,1979-09-04,,"EH,SH",Z,0.0,True,False
NC,KRMB,41.522957,-123.907974,1266.0,2001-06-16,2024-07-19,HH,ENZ,159126.0,True,True
NC,KRP,41.157654,-124.0233,813.0,1980-11-25,,HH,ENZ,57782.0,True,True
NC,KSM,40.186806,-124.175682,931.0,1982-08-01,2020-11-05,"EH,SH",Z,69205.0,True,True
NC,KSXB,41.830379,-123.876884,1136.0,2001-07-13,,HH,ENZ,38056.0,True,True
NC,KTR,41.908474,-123.377548,1347.0,1992-08-05,2020-01-30,"EH,SH",Z,74082.0,True,True
NC,LAM,41.609867,-122.625587,1769.0,1994-10-19,2011-09-30,SH,Z,0.0,True,True
NC,LAMB,41.610001,-122.625526,1789.0,2011-10-20,2024-06-06,EH,Z,4573.0,True,True
NC,LAS,41.59935,-121.577728,2047.0,1988-10-21,2023-07-18,"EH,SH",Z,0.0,True,False
NC,LBC,40.836742,-121.34993,1525.0,1998-09-01,,"EH,SH",Z,0.0,True,False
NC,LBF,41.347065,-121.890976,1961.0,1976-01-19,,"EH,SH",Z,0.0,True,False
NC,LBK,41.083817,-122.667313,1304.0,1982-11-03,,"EH,SH",Z,9329.0,True,True
NC,LBO,41.4921,-122.24427,1544.0,2004-10-12,,"EH,SH",Z,3003.0,True,True
NC,LBP,40.316711,-122.881935,1019.0,1982-12-02,,"EH,SH",Z,5347.0,True,True
NC,LCM,40.14657,-121.52259,1822.0,1980-11-04,,"EH,SH",Z,0.0,True,False
NC,LCSB,41.415878,-122.393814,1115.0,2003-09-18,2025-04-17,"EH,SH",Z,51506.0,True,True
NC,LDB,40.431046,-121.786324,1173.0,1980-11-07,,"EH,SH",Z,0.0,True,False
NC,LDH,40.511902,-121.581596,2060.0,2005-09-19,,HH,ENZ,0.0,True,False
NC,LEL,40.464207,-121.518044,2414.0,2003-09-25,,"EH,SH",Z,0.0,True,False
NC,LGB,41.334183,-122.187706,1952.0,1980-10-14,2017-09-13,"EH,SH",Z,4744.0,True,True
NC,LGM,41.599316,-121.836304,1607.0,1988-10-24,2021-08-30,"EH,SH",Z,0.0,True,False
NC,LGP,40.912281,-122.829491,1265.0,1982-11-07,,"EH,SH",Z,4998.0,True,True
NC,LHE,41.628582,-122.231636,2117.0,1980-10-15,,"EH,SH",Z,3619.0,True,True
NC,LMC,41.274158,-122.121971,1062.0,2009-08-06,,HH,ENZ,0.0,True,True
NC,LME,40.537945,-121.571846,1760.0,1988-11-04,,"EH,SH",Z,0.0,True,False
NC,LMH,41.578678,-121.658516,2201.0,1978-10-26,2024-09-06,"EH,SH",Z,0.0,True,False
NC,LMI,40.512169,-122.149147,204.0,2010-05-12,2020-03-17,"EH,SH",Z,6498.0,True,True
NC,LMP,41.487965,-122.154762,1860.0,1980-10-14,2025-04-17,"EH,SH",Z,4042.0,True,True
NC,LPG,40.145138,-122.687881,574.0,1991-01-30,,"EH,SH",Z,4781.0,True,True
NC,LPK,41.455257,-122.543716,1880.0,1990-11-09,2024-06-06,"EH,SH",Z,3477.0,True,True
NC,LRB,40.143227,-122.557716,308.0,1990-12-13,2023-07-17,"EH,SH",Z,7316.0,True,True
NC,LRD,40.465093,-121.463508,2362.0,1976-11-11,,"EH,SH",Z,0.0,True,False
NC,LRR,40.466305,-121.622299,1817.0,1987-08-12,,"EH,SH",ENZ,0.0,True,False
NC,LSF,40.658173,-122.523705,1042.0,1989-04-19,,"EH,SH",Z,2925.0,True,True
NC,LSH,40.792942,-122.039429,738.0,1982-12-13,,"EH,SH",Z,3113.0,True,True
NC,LSI,40.396595,-121.423134,1857.0,1998-10-22,2021-08-30,"EH,SH",Z,0.0,True,False
NC,LSR,41.106956,-122.270615,1524.0,1990-08-22,2022-10-19,"EH,SH",Z,3327.0,True,True
NC,LTC,40.20842,-122.125481,233.0,1979-03-14,2019-11-25,"EH,SH",NZ,0.0,True,True
NC,LTI,41.176098,-121.488792,1156.0,1995-11-29,2025-02-07,"EH,SH",Z,0.0,True,False
NC,LVR,40.039371,-122.672501,943.0,1991-01-31,,"EH,SH",Z,10340.0,True,True
NC,LWH,40.641796,-121.94857,539.0,1982-12-14,2020-03-17,"EH,SH",Z,0.0,True,False
NC,OBHB,39.65176,-121.46315,914.0,2002-04-26,,EH,Z,0.0,True,False
NC,OCR,39.867935,-121.751839,538.0,1992-01-22,2022-03-21,EH,Z,0.0,True,False
NC,OGO,39.653793,-121.613235,155.0,1976-12-28,2023-10-10,EH,Z,0.0,True,False
NC,OHC,39.335896,-121.485306,55.0,1975-08-05,2023-10-10,EH,Z,0.0,True,False
NC,ORA,39.468891,-121.415016,552.0,1975-08-06,2010-11-23,EH,Z,0.0,True,False
NC,OST,39.371059,-121.58577,9.0,1983-05-20,2023-10-10,EH,Z,0.0,True,False
NC,OSU,39.270485,-121.853065,34.0,1975-08-08,2023-10-12,EH,Z,0.0,True,False
NC,OWY,39.453388,-121.487549,143.0,1975-08-06,2023-10-10,EH,Z,0.0,True,False
NN,EUR,39.7541,-120.7119,1951.0,1999-10-22,2019-05-07,"EH,SH",Z,0.0,False,False
NN,GZY,39.9619,-120.6513,1935.0,1999-10-22,,"EH,SH",Z,0.0,False,False
NN,LVO,39.8716,-120.8729,1372.0,1999-10-22,,"EH,SH",Z,0.0,False,False
NN,SBT,39.6267,-120.6669,2152.0,1999-10-12,,"EH,SH",Z,0.0,False,False
NN,SMI,39.8672,-120.5306,2344.0,1999-10-19,2019-05-07,"EH,SH",Z,0.0,False,False
NV,KEMF,47.94956,-129.098691,-2190.0,2010-09-30,,EH,ENZ,0.0,True,False
NV,NC27,47.76258,-127.758102,-2656.0,2009-09-14,,HH,ENZ,153854.0,True,True
NV,NC89,48.670537,-126.848767,-1258.0,2009-09-17,,HH,ENZ,43923.0,True,True
NV,NCBC,48.4275,-126.1752,-398.0,2009-09-07,,HH,ENZ,13479.0,True,True
NV,NCHR,47.973751,-129.082092,-2152.0,2010-10-03,,EH,ENZ,0.0,True,False
OO,AXAS1,45.933555,-129.999235,-1534.0,2014-08-01,,"EH,SH",ENZ,0.0,True,False
OO,AXAS2,45.933782,-130.014094,-1545.0,2014-08-01,,"EH,SH",ENZ,0.0,True,False
OO,AXBA1,45.820222,-129.736393,-2610.0,2014-08-08,,"BH,HH",ENZ,0.0,True,False
OO,AXCC1,45.954683,-130.008979,-1527.0,2014-07-25,,"BH,HH",ENZ,0.0,True,False
OO,AXEC1,45.949577,-129.9797,-1512.0,2014-08-01,,"EH,SH",ENZ,0.0,True,False
OO,AXEC2,45.939671,-129.973776,-1519.0,2014-07-23,,"BH,HH",ENZ,0.0,True,False
OO,AXEC3,45.93607,-129.978545,-1516.0,2014-08-01,,"EH,SH",ENZ,0.0,True,False
OO,AXID1,45.92572,-129.978031,-1527.5,2014-07-21,,"EH,SH",ENZ,0.0,True,False
OO,HYS11,44.573029,-125.152499,-818.0,2014-09-01,,"EH,SH",ENZ,7984.0,True,True
OO,HYS12,44.573195,-125.143917,-788.0,2014-09-01,,"EH,SH",ENZ,14470.0,True,True
OO,HYS13,44.567395,-125.144178,-789.0,2014-08-01,2019-06-25,"EH,SH",ENZ,10833.0,True,True
OO,HYS14,44.569218,-125.148115,-773.0,2014-09-07,,"BH,HH",ENZ,1306.0,True,True
OO,HYSB1,44.509772,-125.405299,-2909.0,2014-09-13,,"BH,HH",ENZ,3300.0,True,True
PB,B001,48.043072,-123.131409,237.0,2005-06-21,,EH,12Z,80355.0,True,True
PB,B003,48.062359,-124.140862,284.7,2005-06-21,,EH,12Z,122228.0,True,True
PB,B004,48.201923,-124.42701,30.0,2005-06-15,,EH,12Z,88788.0,True,True
PB,B005,48.059547,-123.503281,302.7,2005-07-19,,EH,12Z,89193.0,True,True
PB,B006,48.0588,-123.500801,302.0,2005-07-28,,EH,12Z,118062.0,True,True
PB,B007,48.057575,-123.504112,293.0,2005-07-19,,EH,12Z,72352.0,True,True
PB,B009,48.64867,-123.451172,15.0,2005-09-14,,EH,12Z,49859.0,True,True
PB,B010,48.650169,-123.451332,5.0,2005-09-26,,EH,12Z,45419.0,True,True
PB,B011,48.649544,-123.448189,22.0,2005-09-13,,EH,12Z,55225.0,True,True
PB,B012,48.924625,-125.541977,13.0,2005-09-21,,EH,12Z,167292.0,True,True
PB,B013,47.813,-122.910797,75.3,2007-01-05,,EH,12Z,859978.0,True,True
PB,B014,47.513302,-123.8125,64.7,2008-03-04,,EH,12Z,37924.0,True,True
PB,B017,46.995998,-123.557503,33.9,2007-07-11,,EH,12Z,36625.0,True,True
PB,B018,46.9795,-123.020302,10.0,2006-01-21,,EH,12Z,16986.0,True,True
PB,B019,46.652699,-123.651802,9.0,2008-05-12,,EH,12Z,50698.0,True,True
PB,B020,46.382702,-123.844498,31.2,2008-03-30,,EH,12Z,73327.0,True,True
PB,B022,45.954609,-123.931046,10.0,2006-02-03,,EH,12Z,47164.0,True,True
PB,B023,46.111198,-123.078697,177.4,2008-05-16,,EH,12Z,10156.0,True,True
PB,B024,45.637798,-123.855797,37.7,2006-02-22,,EH,12Z,92571.0,True,True
PB,B026,45.309353,-123.823051,232.0,2007-02-24,,EH,12Z,19444.0,True,True
PB,B027,44.497334,-122.962166,216.0,2007-04-11,,EH,12Z,1917.0,True,True
PB,B028,44.493668,-122.963837,140.0,2007-03-19,,EH,12Z,2300.0,True,True
PB,B030,43.971298,-122.771698,263.6,2007-10-22,,EH,12Z,1215.0,True,True
PB,B031,43.664299,-123.396698,71.0,2007-11-30,,EH,12Z,257793.0,True,True
PB,B032,43.667999,-123.392303,63.8,2007-12-02,,EH,12Z,222915.0,True,True
PB,B033,43.291698,-123.124496,312.1,2007-12-13,,EH,12Z,16088.0,True,True
PB,B035,42.503513,-123.383415,370.0,2006-03-19,,EH,12Z,25916.0,True,True
PB,B036,42.505833,-123.381668,315.3,2007-05-08,,EH,12Z,47924.0,True,True
PB,B039,41.4667,-122.4847,923.9,2007-10-15,,EH,12Z,3113.0,True,True
PB,B040,41.8308,-122.4205,819.5,2007-10-12,,EH,12Z,1864.0,True,True
PB,B045,40.436001,-123.996498,29.4,2008-09-16,,EH,12Z,167946.0,True,True
PB,B046,40.321972,-124.284302,44.0,2008-08-26,,EH,12Z,160804.0,True,True
PB,B047,40.249933,-124.169848,80.0,2008-09-04,,EH,12Z,125315.0,True,True
PB,B049,40.237499,-123.819702,117.0,2008-11-12,,EH,12Z,160998.0,True,True
PB,B201,46.303299,-122.264801,990.0,2007-09-12,,EH,12Z,56471.0,True,True
PB,B202,46.2447,-122.1367,1218.6,2007-07-25,,EH,12Z,36642.0,True,True
PB,B203,46.168999,-122.333664,814.4,2007-07-18,,EH,12Z,33976.0,True,True
PB,B204,46.136,-122.169,784.2,2007-08-01,,EH,12Z,21679.0,True,True
PB,B926,48.820202,-124.131203,191.6,2007-11-12,,EH,12Z,68228.0,True,True
PB,B927,49.2188,-124.811302,39.0,2007-12-06,,EH,12Z,50901.0,True,True
PB,B928,48.833698,-125.134499,9.5,2007-11-28,,EH,12Z,120126.0,True,True
PB,B932,40.275002,-124.221199,52.0,2008-10-17,,EH,12Z,114386.0,True,True
PB,B933,40.060001,-123.969002,268.1,2008-09-12,,EH,12Z,141262.0,True,True
PB,B934,39.844501,-123.691399,331.0,2008-09-26,,EH,12Z,0.0,True,False
PB,B935,40.478699,-123.573196,696.7,2008-10-28,,EH,12Z,60295.0,True,True
PB,B941,46.986801,-122.219002,151.0,2008-03-18,,EH,12Z,117254.0,True,True
PB,B943,47.813202,-122.911301,84.2,2008-02-26,,EH,12Z,1097083.0,True,True
PN,PPCEN,45.504002,-122.914001,45.0,1999-01-10,,BH,Z,0.0,False,True
PN,PPCQL,43.176998,-124.199997,14.0,1999-01-10,,BH,Z,0.0,False,True
PN,PPPHO,44.537998,-123.356003,82.0,1999-01-10,,BH,Z,0.0,False,True
PO,VI01,50.354771,-125.919724,13.0,2005-01-01,,"BH,HH",ENZ,0.0,False,False
PO,VI02,50.331299,-126.071007,524.0,2005-01-01,,"BH,HH",ENZ,0.0,False,False
PO,VI03,50.34269,-126.180687,295.0,2005-01-01,,"BH,HH",ENZ,0.0,False,False
PO,VI04,50.313339,-126.247864,245.0,2005-01-01,,"BH,HH",ENZ,0.0,False,False
PO,VI05,50.286301,-126.371384,512.0,2005-01-01,,"BH,HH",ENZ,0.0,False,False
PO,VI06,50.267399,-126.452789,333.0,2005-01-01,,"BH,HH",ENZ,0.0,False,False
PO,VI07,50.248051,-126.542976,393.0,2005-01-01,,"BH,HH",ENZ,0.0,False,False
PO,VI08,50.202591,-126.601082,198.0,2005-01-01,,"BH,HH",ENZ,0.0,False,False
PO,VI09,50.1674,-126.574913,913.0,2005-01-01,,"BH,HH",ENZ,0.0,False,False
PO,VI10,50.224152,-126.940598,156.0,2005-01-01,,"BH,HH",ENZ,0.0,False,False
PO,VI11,49.989399,-126.856827,156.0,2005-01-01,,"BH,HH",ENZ,0.0,False,True
PO,VI12,50.053719,-127.118607,9.0,2005-01-01,,"BH,HH",ENZ,0.0,False,False
PO,VI30,50.558739,-127.002998,9.0,2005-01-01,,"BH,HH",ENZ,0.0,False,False
PO,VI31,50.58242,-127.108238,60.0,2005-01-01,,HH,ENZ,0.0,False,False
PO,VI32,50.616779,-127.236267,55.0,2005-01-01,,HH,ENZ,0.0,False,False
PO,VI50,50.548859,-126.824112,33.0,2005-01-01,,HH,ENZ,0.0,False,False
PO,VI51,50.473801,-126.814919,305.0,2005-01-01,,HH,ENZ,0.0,False,False
PO,VI52,50.389839,-126.765427,635.0,2005-01-01,,HH,ENZ,0.0,False,False
PO,VI53,50.311649,-126.757072,292.0,2005-01-01,,HH,ENZ,0.0,False,False
PO,VI54,50.121422,-126.441467,311.0,2005-01-01,,HH,ENZ,0.0,False,False
PO,VI55,49.998119,-126.319023,396.0,2005-01-01,,HH,ENZ,0.0,False,True
PO,VI56,49.92532,-126.210037,319.0,2005-01-01,,HH,ENZ,0.0,False,True
PO,VI57,49.83942,-126.100891,169.0,2005-01-01,,HH,ENZ,0.0,False,True
PO,VW01,50.16507,-126.66066,407.0,2005-01-01,,HH,ENZ,0.0,False,False
PO,VW02,50.14212,-126.808563,448.0,2005-01-01,,HH,ENZ,0.0,False,False
PO,VW03,50.083771,-126.922836,152.0,2005-01-01,,HH,ENZ,0.0,False,False
TA,A04D,48.7201,-122.706299,13.0,2010-08-18,2016-05-16,"BH,HH",ENZ,10701.0,True,True
TA,B05D,48.264099,-122.096001,153.0,2010-08-23,2016-05-18,"BH,HH",ENZ,8455.0,True,True
TA,C06D,47.922901,-120.894302,544.0,2010-08-30,2016-05-17,"BH,HH",ENZ,0.0,True,False
TA,D03D,47.534698,-123.089401,262.0,2010-08-25,2016-06-15,"BH,HH",ENZ,34831.0,True,True
TA,D04D,47.1786,-122.772301,37.0,2010-08-19,2012-10-04,BH,ENZ,6202.0,True,True
TA,D04E,47.1786,-122.7715,45.0,2012-10-11,2016-06-08,"BH,HH",ENZ,0.0,True,True
TA,E04D,46.556599,-122.567299,204.0,2010-08-26,2016-06-07,"BH,HH",ENZ,5144.0,True,True
TA,F04D,46.082901,-123.010803,236.0,2009-11-14,2016-09-30,"BH,HH",ENZ,15802.0,True,True
TA,F05D,45.885201,-121.459702,472.0,2010-08-13,2016-06-01,"BH,HH",ENZ,0.0,True,False
TA,G03D,45.211498,-123.264099,222.0,2009-10-24,2016-09-30,"BH,HH",ENZ,60049.0,True,True
TA,G05D,45.242199,-121.316704,592.0,2009-10-22,2016-09-30,"BH,HH",ENZ,0.0,True,False
TA,H04D,44.523399,-122.737701,284.0,2010-08-12,2016-09-30,"BH,HH",ENZ,0.0,True,True
TA,I02D,44.1059,-123.846901,109.0,2010-08-07,2015-10-22,"BH,HH",ENZ,48933.0,True,True
TA,I02E,44.1077,-123.847298,117.0,2015-10-24,2016-09-30,"BH,HH",ENZ,7985.0,True,True
TA,I03D,43.697201,-123.348701,140.0,2009-11-03,2016-09-30,"BH,HH",ENZ,61207.0,True,True
TA,I04A,43.794102,-122.411301,731.0,2006-11-03,2016-09-30,"BH,HH",ENZ,0.0,True,True
TA,I05D,44.3386,-121.3395,811.0,2009-10-20,2016-09-30,"BH,HH",ENZ,0.0,True,False
TA,J01D,43.1614,-123.931396,131.0,2010-08-06,2012-10-03,BH,ENZ,15558.0,True,True
TA,J01E,43.161499,-123.931396,128.0,2012-10-10,2016-09-30,"BH,HH",ENZ,42791.0,True,True
TA,J04D,43.240501,-122.109299,1948.0,2009-10-09,2016-09-30,"BH,HH",ENZ,0.0,True,True
TA,J05D,43.284801,-121.234703,1541.0,2009-10-16,2016-09-30,"BH,HH",ENZ,0.0,True,False
TA,K02D,42.695499,-123.665398,989.0,2010-08-05,2016-09-30,"BH,HH",ENZ,41524.0,True,True
TA,K04D,42.624599,-121.753502,1315.0,2009-10-13,2016-09-30,"BH,HH",ENZ,0.0,True,False
TA,L02D,42.157799,-123.603104,458.0,2009-11-08,2012-10-09,"BH,HH",ENZ,22232.0,True,True
TA,L02E,42.158001,-123.602898,454.0,2012-10-10,2016-04-28,"BH,HH",ENZ,69383.0,True,True
TA,L04D,42.217999,-122.304604,1437.0,2010-07-30,2016-09-30,"BH,HH",ENZ,0.0,True,True
TA,M02C,41.391998,-122.853798,960.0,2005-06-30,2016-05-01,"BH,HH",ENZ,0.0,True,True
TA,M04C,41.7826,-121.839302,1391.0,2005-06-30,2016-04-25,"BH,HH",ENZ,0.0,True,False
TA,N02D,40.973999,-122.705002,937.0,2009-11-05,2016-04-28,"BH,HH",ENZ,0.0,True,True
TA,O02D,40.176601,-122.788399,965.0,2010-08-01,2016-05-02,"BH,HH",ENZ,0.0,True,True
TA,O03D,40.294701,-121.801804,968.0,2010-08-02,2012-10-01,BH,ENZ,0.0,True,False
TA,O03E,40.294601,-121.802101,967.0,2012-10-08,2016-05-02,"BH,HH",ENZ,0.0,True,False
UO,BUCK,44.19731,-122.98619,964.0,2010-07-29,,BH,ENZ,0.0,True,True
UO,DBO,43.118721,-123.244423,957.0,1994-02-01,,BH,ENZ,43388.0,True,True
UO,EUO,44.029202,-123.070099,160.0,2001-04-18,2010-04-22,BH,ENZ,0.0,True,True
UO,FRIS,44.212101,-122.1017,1642.0,2002-09-04,2015-10-29,EH,Z,25308.0,True,True
UO,HUO,44.119499,-121.849297,2037.0,2001-04-01,2015-10-29,EH,ENZ,0.0,True,False
UO,IRO,44.0051,-122.255402,1642.0,2002-09-04,2015-10-29,EH,Z,18056.0,True,True
UO,PIN,43.811001,-120.8731,1865.0,1991-01-11,2010-09-26,BH,ENZ,0.0,True,False
UO,PINE,43.79211,-120.94066,1914.0,2010-09-27,,BH,ENZ,0.0,True,False
UO,RSBO,44.043361,-122.267036,1235.0,2015-10-15,,EH,ENZ,0.0,True,True
US,NLWA,47.3917,-123.8691,640.0,2006-07-05,,BH,12ENZ,0.0,False,True
UW,ALKI,47.5751,-122.4176,1.0,2004-06-24,,EH,Z,222823.0,True,True
UW,ASR,46.15259,-121.60164,1357.0,1982-09-01,2023-05-16,EH,Z,0.0,True,False
UW,ATES,48.23617,-122.06042,62.6,2001-09-06,2012-02-24,EH,Z,39288.0,True,True
UW,AUG,45.73595,-121.68174,865.0,1981-10-01,,EH,Z,0.0,True,False
UW,BABR,44.62132,-123.78924,438.7,2011-04-27,,BH,ENZ,22761.0,True,True
UW,BBO,42.88815,-122.6797,1623.0,1992-06-09,,EH,Z,52368.0,True,True
UW,BEND,44.066399,-121.328102,1151.1,2002-04-11,,EH,Z,0.0,True,False
UW,BHW,47.83636,-122.03057,152.0,1984-07-01,,EH,Z,186964.0,True,True
UW,BKC,44.299259,-121.697159,1208.0,2004-04-06,2014-05-29,EH,Z,0.0,True,False
UW,BLN,48.006624,-122.972646,601.0,1980-01-11,2022-03-25,EH,Z,155669.0,True,True
UW,BLOW,44.6837,-122.1863,656.1,2008-12-03,,"BH,HH",ENZ,0.0,True,True
UW,BOW,46.474831,-123.229301,870.0,1980-11-01,2018-08-23,EH,Z,229326.0,True,True
UW,BPO,44.65175,-121.68984,1957.0,1987-09-15,2020-02-18,EH,Z,0.0,True,False
UW,BRO,44.267397,-122.452037,1361.0,2001-05-16,,EH,Z,21849.0,True,True
UW,BUO,42.278332,-122.246437,1797.0,2001-07-26,2013-02-08,EH,Z,1986.0,True,True
UW,CDF,46.11712,-122.04625,772.0,1980-03-29,,EH,Z,221357.0,True,True
UW,CMW,48.423519,-122.120262,1190.0,1986-06-03,2019-11-21,EH,Z,282473.0,True,True
UW,CPW,46.9733,-123.13822,810.1,1970-07-01,,EH,Z,88066.0,True,True
UW,DOSE,47.7172,-122.9718,53.3,2010-07-21,,BH,ENZ,4129.0,True,True
UW,EDM,46.19717,-122.15121,1611.0,1980-06-01,,EH,Z,164592.0,True,True
UW,ELK,46.30597,-122.34167,1270.0,1980-05-16,,EH,Z,92392.0,True,True
UW,ELL,46.90951,-120.56751,789.0,1979-11-24,,EH,Z,0.0,True,False
UW,ELW,47.494099,-121.872673,320.0,1998-07-07,,HH,ENZ,0.0,True,False
UW,FISH,45.9306,-123.5591,327.0,2005-11-08,2021-06-22,"BH,HH",ENZ,13865.0,True,True
UW,FL2,46.19622,-122.35149,1378.0,1984-08-03,2025-01-09,EH,Z,119574.0,True,True
UW,FMW,46.941914,-121.671465,1897.0,1972-08-31,,EH,Z,0.0,True,False
UW,FORK,47.9475,-124.5662,44.9,2009-11-18,,BH,ENZ,55499.0,True,True
UW,GHW,47.041489,-122.273727,261.1,1975-08-13,,EH,Z,131117.0,True,True
UW,GL2,45.959572,-120.824089,1000.0,1973-01-01,2012-06-10,EH,Z,0.0,True,False
UW,GLDO,45.838779,-120.814789,641.0,2011-08-05,2019-11-08,EH,Z,0.0,True,False
UW,GLK,46.557499,-121.610733,1305.0,1973-01-01,2017-12-07,EH,Z,0.0,True,False
UW,GMO,44.438961,-120.957336,1689.0,1987-08-27,,EH,Z,0.0,True,False
UW,GMW,47.5488,-122.78546,520.0,1970-02-01,,EH,Z,114961.0,True,True
UW,GNW,47.56413,-122.82498,220.0,1995-03-01,,BH,ENZ,24209.0,True,True
UW,GPW,48.1177,-121.13802,2354.0,2001-09-01,,EH,Z,0.0,True,False
UW,GRCC,47.31237,-122.180283,134.0,2004-09-21,2011-07-29,BH,Z,56004.0,True,True
UW,GSM,47.20388,-121.796043,1324.7,1970-06-01,,EH,Z,0.0,True,False
UW,GUL,45.924011,-121.596748,1189.0,1986-07-31,2017-07-27,EH,Z,0.0,True,False
UW,HAM,42.068981,-121.971107,1999.0,1993-10-06,2013-02-08,EH,Z,0.0,True,False
UW,HBO,43.84463,-122.31817,1648.0,1990-09-19,,EH,Z,28263.0,True,True
UW,HDW,47.64903,-123.0535,987.4,1979-10-15,,EH,2Z,51398.0,True,True
UW,HEBO,45.2135,-123.75539,875.0,2001-10-31,,BH,ENZ,6576.0,True,True
UW,HOG,42.243016,-121.706295,1889.1,1994-01-20,,EH,Z,0.0,True,False
UW,HOOD,45.322262,-121.650932,1528.8,2002-11-05,,BH,ENZ,0.0,True,False
UW,HSO,43.525661,-123.091797,1016.0,1990-09-20,2023-04-18,EH,Z,166837.0,True,True
UW,HSR,46.17428,-122.18065,1720.0,1985-08-12,,EH,Z,149143.0,True,True
UW,HTW,47.80377,-121.76887,833.0,1975-06-01,,EH,Z,0.0,True,False
UW,JCW,48.195332,-121.92746,792.0,1971-02-01,,EH,Z,0.0,True,False
UW,JEDS,43.75157,-124.04905,159.5,2011-08-09,,BH,ENZ,35315.0,True,True
UW,JUN,46.14706,-122.152428,1049.0,1980-05-08,,EH,Z,279736.0,True,True
UW,KENT,45.235699,-120.635101,784.4,2009-01-08,,"BH,HH",ENZ,0.0,True,False
UW,KMO,45.63533,-123.49073,975.0,1982-09-30,2019-02-09,EH,Z,127178.0,True,True
UW,KOS,46.462799,-122.196022,610.0,1981-05-07,2019-09-05,EH,Z,112509.0,True,True
UW,LAB,42.267578,-122.06353,1774.0,1993-10-07,2013-02-08,EH,ENZ,1640.0,True,True
UW,LCCR,45.2059,-122.4784,271.0,2005-11-09,,"BH,HH",ENZ,0.0,True,True
UW,LCW,46.67049,-122.702011,396.0,1992-03-01,2018-10-10,EH,Z,266039.0,True,True
UW,LEBA,46.545898,-123.563202,78.6,2009-01-08,,"BH,HH",ENZ,18863.0,True,True
UW,LMW,46.667831,-122.292549,1195.0,1975-06-01,2012-10-20,EH,Z,196528.0,True,True
UW,LO2,46.7506,-121.8096,853.0,1980-01-01,,EH,Z,0.0,True,False
UW,LON,46.750599,-121.809601,853.0,1964-03-30,,BH,ENZ,0.0,True,False
UW,LPHS,43.680809,-121.509407,1290.0,2011-03-21,2012-12-21,EH,ENZ,0.0,True,False
UW,LRIV,48.0575,-123.504,293.8,2009-08-27,,BH,ENZ,57147.0,True,True
UW,LTY,47.25451,-120.66636,807.0,1993-04-15,,BH,ENZ,0.0,True,False
UW,LVP,46.065948,-122.401932,1130.0,1980-04-01,,EH,Z,296985.0,True,True
UW,MBW,48.7838,-121.9009,1676.0,1972-09-11,2023-12-22,EH,Z,0.0,True,False
UW,MCW,48.679,-122.8326,693.0,1972-11-01,,EH,Z,228611.0,True,True
UW,MEAN,47.622593,-122.305412,110.0,2002-09-19,2016-07-07,HH,Z,124.0,True,True
UW,MEGW,46.26609,-123.87709,351.0,2001-10-01,,BH,ENZ,7931.0,True,True
UW,MEW,47.201759,-122.647072,97.0,1985-03-01,2014-04-23,EH,Z,6881.0,True,True
UW,MOON,44.051614,-121.669481,2274.4,2002-07-25,,EH,Z,0.0,True,False
UW,MORO,45.474312,-120.741829,569.8,2011-04-21,,EH,Z,0.0,True,False
UW,MPO,44.50428,-123.553,1246.9,1990-08-30,,EH,Z,160888.0,True,True
UW,MRBL,48.518299,-121.484497,75.0,2008-11-10,2018-02-02,"BH,HH",ENZ,0.0,True,False
UW,MTM,46.02533,-122.21287,1121.0,1980-03-27,2024-01-10,EH,Z,147255.0,True,True
UW,NAC,46.73301,-120.82485,728.0,1973-01-01,2025-10-22,EH,Z,0.0,True,False
UW,NCO,43.70378,-121.13953,1959.0,1987-09-16,,EH,Z,0.0,True,False
UW,NLO,46.08924,-123.45173,826.0,1973-01-01,2015-10-06,EH,Z,115221.0,True,True
UW,NN17,43.720741,-121.327461,1701.0,2012-08-18,2016-10-01,EH,ENZ,0.0,True,False
UW,NN19,43.7183,-121.306953,1793.0,2012-08-18,,EH,ENZ,0.0,True,False
UW,NN21,43.73317,-121.289879,1903.0,2012-08-18,,EH,ENZ,0.0,True,False
UW,NN32,43.70385,-121.327477,1401.0,2014-02-04,2016-10-01,EH,ENZ,0.0,True,False
UW,OBC,48.03511,-124.078819,938.0,1980-05-29,2019-06-16,EH,Z,70757.0,True,True
UW,OCP,48.29787,-124.62516,470.0,1980-05-19,,EH,Z,56878.0,True,True
UW,OFR,47.933128,-124.396042,152.0,1995-10-25,2013-01-17,BH,ENZ,102185.0,True,True
UW,ON2,46.880581,-123.782333,257.0,2000-06-01,2015-09-29,EH,Z,109059.0,True,True
UW,OOW,47.734138,-124.187469,561.0,1984-07-14,2015-06-05,EH,Z,99687.0,True,True
UW,OSD,47.81642,-123.70568,2028.0,1984-10-04,,EH,Z,313264.0,True,True
UW,OSR,47.505451,-123.962959,815.0,1989-09-13,2012-02-11,EH,Z,59316.0,True,True
UW,OTR,48.08632,-124.34518,541.6,1984-06-01,,EH,Z,82030.0,True,True
UW,PASS,48.998299,-122.085197,175.4,2009-01-08,,"BH,HH",ENZ,43094.0,True,True
UW,PCFR,46.99057,-122.44277,134.3,2000-08-01,,EH,Z,158510.0,True,True
UW,PCMD,46.888962,-122.301483,239.0,2000-09-28,2013-08-22,EH,Z,118991.0,True,True
UW,PGO,45.461681,-122.454399,253.0,1982-06-27,2019-08-24,EH,Z,8271.0,True,True
UW,PNLK,47.58162,-122.03483,128.0,2000-07-18,,HH,Z,1490.0,True,True
UW,RADR,46.42181,-123.79897,591.4,2011-01-20,,BH,ENZ,13020.0,True,True
UW,RATT,47.42546,-121.80254,442.4,2010-03-19,,BH,ENZ,0.0,True,False
UW,RCM,46.83557,-121.73318,3077.0,1993-09-09,,EH,12ENZ,0.0,True,False
UW,RCS,46.87083,-121.73231,2877.0,1989-06-27,,EH,Z,0.0,True,False
UW,RER,46.81858,-121.8425,1751.1,1989-07-13,,EH,Z,0.0,True,False
UW,RMHA,43.824322,-121.49173,1273.0,2010-09-24,2011-11-29,EH,ENZ,0.0,True,False
UW,RMW,47.45953,-121.806557,1024.0,1971-07-01,2011-05-31,EH,Z,0.0,True,False
UW,RNO,43.916199,-123.72496,850.0,1991-09-25,2022-11-10,EH,Z,139314.0,True,True
UW,RPW,48.44817,-121.514847,850.0,1973-01-01,2021-02-23,EH,Z,0.0,True,False
UW,RRHS,46.79942,-123.04165,48.9,2001-06-20,,EH,Z,199236.0,True,True
UW,RVC,46.94408,-121.97419,1000.0,1983-01-01,2021-01-10,EH,Z,0.0,True,False
UW,RVW,46.14975,-122.742996,504.0,1981-02-01,2018-08-17,EH,Z,314906.0,True,True
UW,SBES,48.768139,-122.416328,119.0,2000-03-01,2014-07-03,EH,Z,161649.0,True,True
UW,SHUK,48.85284,-121.67695,1516.0,2009-09-02,,BH,ENZ,0.0,True,False
UW,SHW,46.19364,-122.23492,1442.0,1972-10-01,,EH,Z,192378.0,True,True
UW,SLF,47.76058,-120.52946,1738.7,1998-09-17,,EH,Z,0.0,True,False
UW,SMW,47.31945,-123.34445,877.0,1975-03-01,2021-12-06,EH,Z,61646.0,True,True
UW,SOS,46.243858,-122.137871,1270.0,1980-05-16,,EH,Z,88752.0,True,True
UW,SP2,47.55629,-122.249229,22.2,1997-07-01,,"BH,HH",ENZ,15590.0,True,True
UW,SQM,48.073681,-123.048058,45.0,2000-08-01,2019-09-17,"BH,EH",ENZ,55668.0,True,True
UW,SSO,44.855801,-122.4617,1242.0,1991-08-27,2017-09-19,EH,Z,18481.0,True,True
UW,STAR,46.850849,-121.792953,3365.0,2008-09-15,,EH,ENZ,0.0,True,False
UW,STD,46.23761,-122.223961,1268.0,1982-05-01,2017-09-14,EH,Z,114180.0,True,True
UW,STOR,47.188099,-121.9888,272.5,2008-12-03,,"BH,HH",ENZ,0.0,True,False
UW,STW,48.150669,-123.671059,318.4,1973-06-01,,EH,Z,34336.0,True,True
UW,SVOH,48.2892,-122.633163,22.0,2001-09-14,,EH,Z,173586.0,True,True
UW,TAKO,43.74313,-124.08337,12.0,2001-10-24,,BH,ENZ,12865.0,True,True
UW,TBM,47.16985,-120.59918,1006.0,1973-01-01,,EH,Z,0.0,True,False
UW,TDH,45.289998,-121.791446,1539.0,1982-09-01,,EH,Z,0.0,True,False
UW,TDL,46.35067,-122.21704,1400.0,1983-11-12,,EH,Z,100366.0,True,True
UW,TIMB,45.33572,-121.710358,1869.0,2011-09-09,2013-10-31,EH,Z,0.0,True,False
UW,TOLO,44.62161,-123.92305,12.0,2001-10-23,,BH,ENZ,0.0,True,True
UW,TOLT,47.6947,-121.6895,541.0,2007-09-04,,BH,ENZ,0.0,True,False
UW,TREE,42.7258,-120.8934,1881.4,2006-07-31,,"BH,HH",ENZ,0.0,True,False
UW,TRW,46.29207,-120.54312,723.0,1994-10-01,,EH,Z,0.0,True,False
UW,TWW,47.13801,-120.86952,1027.0,1986-10-24,2017-01-13,EH,Z,0.0,True,False
UW,UMPQ,43.29089,-123.33188,164.4,2005-04-27,,EH,Z,59280.0,True,True
UW,UWFH,48.54593,-123.01324,7.5,2001-08-02,,EH,Z,78460.0,True,True
UW,VBE,45.06017,-121.58801,1544.0,1979-10-01,2023-07-28,EH,Z,0.0,True,False
UW,VCR,44.98267,-120.98932,1014.0,1983-08-01,,EH,Z,0.0,True,False
UW,VFP,45.317992,-121.466299,1722.0,1980-10-01,,EH,Z,0.0,True,False
UW,VG2,45.155399,-122.272034,823.0,1985-09-01,2014-09-14,EH,Z,11424.0,True,True
UW,VGB,45.51551,-120.77867,729.0,1980-04-01,2022-12-13,EH,Z,0.0,True,False
UW,VIP,44.508018,-120.619972,1731.0,1979-12-01,2018-02-01,EH,Z,0.0,True,False
UW,VLL,45.46317,-121.68035,1195.0,1980-10-01,2024-06-30,EH,Z,0.0,True,False
UW,VLM,45.53792,-122.04033,1168.0,1980-06-01,,EH,Z,14177.0,True,True
UW,VSP,42.34164,-121.949913,1545.0,1993-10-06,2013-09-11,EH,Z,0.0,True,False
UW,VTH,45.181019,-120.562492,773.0,1980-03-01,2018-02-01,EH,Z,0.0,True,False
UW,VVHS,47.42345,-122.45488,96.0,2001-09-20,,EH,Z,56276.0,True,True
UW,WISH,47.11596,-123.77143,44.0,2004-04-20,,BH,ENZ,34134.0,True,True
UW,WPO,45.57283,-122.790527,334.0,1986-10-16,,EH,Z,17049.0,True,True
UW,WPW,46.698639,-121.537338,1280.0,1980-03-27,2017-04-19,EH,Z,0.0,True,False
UW,WRW,47.85665,-120.883,1159.0,1998-09-16,,EH,Z,0.0,True,False
UW,YA2,46.52652,-120.531181,652.0,1994-07-22,,EH,Z,0.0,True,False
UW,YACT,45.9325,-122.4193,214.0,2005-05-10,,"BH,HH",ENZ,19980.0,True,True
X9,BB030,42.9473,-126.933601,-2730.0,2012-09-18,2013-10-04,HH,12Z,72640.0,True,True
X9,BB060,42.856098,-126.113297,-2795.0,2012-09-19,2013-10-05,HH,12Z,134032.0,True,True
X9,BB070,43.306801,-126.006798,-3023.0,2012-09-19,2013-10-05,HH,12Z,131366.0,True,True
X9,BB090,43.3736,-126.660301,-2901.0,2012-09-20,2013-10-05,HH,12Z,96827.0,True,True
X9,BB120,43.9786,-127.2957,-2882.0,2012-09-20,2013-09-23,HH,12Z,0.0,True,True
X9,BB130,43.638802,-127.471298,-2902.0,2012-09-20,2013-09-23,HH,12Z,0.0,True,True
X9,BB140,43.423599,-127.6894,-2151.0,2012-09-20,2013-10-03,HH,12Z,0.0,True,True
X9,BB150,43.314701,-127.349998,-2512.0,2012-09-21,2013-10-04,HH,12Z,0.0,True,True
X9,BB170,43.142899,-127.777397,-4077.0,2012-09-21,2013-10-03,HH,12Z,0.0,True,True
X9,BB180,42.868198,-128.304993,-3305.0,2012-09-21,2013-10-03,HH,12Z,0.0,True,True
X9,BB200,43.488998,-127.958,-2477.0,2012-09-21,2013-10-03,HH,12Z,0.0,True,True
X9,BB230,43.566002,-128.258408,-2365.0,2012-09-22,2013-10-02,HH,12Z,0.0,True,True
X9,BB240,43.427502,-128.355698,-3220.0,2012-09-22,2013-10-02,HH,12Z,0.0,True,True
X9,BB260,43.623299,-128.863007,-3132.0,2012-09-22,2013-10-02,HH,12Z,0.0,True,True
X9,BB290,43.6264,-128.514404,-2760.0,2012-09-23,2013-10-02,HH,12Z,0.0,True,True
X9,BB300,43.838902,-128.317795,-2897.0,2012-09-23,2013-09-24,HH,12Z,0.0,True,True
X9,BB320,44.170799,-128.707703,-2769.0,2012-09-23,2013-09-24,HH,12Z,0.0,True,True
X9,BB330,44.614498,-128.600403,-2843.0,2012-09-23,2013-09-24,HH,12Z,0.0,True,True
X9,BB350,43.987,-129.075607,-3297.0,2012-09-24,2013-09-25,HH,12Z,0.0,True,False
X9,BB370,43.780201,-129.338898,-3108.0,2012-09-24,2013-10-01,HH,12Z,0.0,True,False
X9,BB390,43.9851,-129.680893,-3198.0,2012-09-24,2013-10-01,HH,12Z,0.0,True,False
X9,BB410,43.930698,-129.998306,-3212.0,2012-09-25,2013-10-01,HH,12Z,0.0,True,False
X9,BB420,43.6297,-130.208206,-3326.0,2012-09-25,2013-10-01,HH,12Z,0.0,True,False
X9,BB440,44.211102,-130.458099,-3145.0,2012-09-25,2013-09-28,HH,12Z,0.0,True,False
X9,BB450,44.225498,-130.766098,-3119.0,2012-09-25,2013-09-27,HH,12Z,0.0,True,False
X9,BB480,44.3489,-130.021194,-4787.0,2012-09-26,2013-09-27,HH,12Z,0.0,True,False
X9,BB510,44.310699,-129.337006,-2538.0,2012-09-26,2013-09-25,HH,12Z,0.0,True,False
X9,BB530,44.546101,-129.820007,-2912.0,2012-09-27,2013-09-26,HH,12Z,0.0,True,False
X9,BB540,44.594101,-130.190903,-2536.0,2012-09-27,2013-09-26,HH,12Z,0.0,True,False
X9,BB550,44.6772,-130.620193,-2995.0,2012-09-27,2013-09-26,HH,12Z,0.0,True,False
XD,KRES,47.758739,-122.29097,52.0,2014-05-01,2016-12-31,HH,ENZ,0.0,False,True
XD,MA05,46.754669,-122.226189,488.0,2014-05-01,2016-12-31,"BH,HH",ENZ,0.0,False,True
XD,MB05,46.620869,-122.281021,641.0,2014-05-01,2016-12-31,"BH,HH",ENZ,0.0,False,True
XD,MB07,46.623779,-122.042389,878.0,2014-05-01,2016-12-31,"BH,HH",ENZ,0.0,False,True
XD,MC06,46.552021,-122.157204,770.0,2014-05-01,2016-12-31,"BH,HH",ENZ,0.0,False,True
XD,MC08,46.553349,-121.963219,653.0,2014-05-01,2016-12-31,"BH,HH",ENZ,0.0,False,False
XD,MD05,46.523159,-122.278168,718.0,2014-05-01,2016-12-31,"BH,HH",ENZ,0.0,False,True
XD,MD09,46.50288,-121.706711,959.0,2014-05-01,2016-12-31,"BH,HH",ENZ,0.0,False,False
XD,MD12,46.47694,-121.220673,1496.0,2014-05-01,2016-12-31,"BH,HH",ENZ,0.0,False,False
XD,ME02,46.439159,-122.707336,158.0,2014-05-01,2016-12-31,"BH,HH",ENZ,0.0,False,True
XD,ME03,46.452068,-122.576469,310.0,2014-05-01,2016-12-31,"BH,HH",ENZ,0.0,False,True
XD,ME04,46.450611,-122.351936,730.0,2014-05-01,2016-12-31,"BH,HH",ENZ,0.0,False,True
XD,ME06,46.463291,-122.196968,643.0,2014-05-01,2016-12-31,"BH,HH",ENZ,0.0,False,True
XD,ME08,46.461948,-121.865639,598.0,2014-05-01,2016-12-31,"BH,HH",ENZ,0.0,False,False
XD,MF05,46.390369,-122.386757,727.0,2014-05-01,2016-12-31,"BH,HH",ENZ,0.0,False,True
XD,MF07,46.425629,-122.002274,515.0,2014-05-01,2016-12-31,"BH,HH",ENZ,0.0,False,True
XD,MF09,46.389938,-121.861,1216.0,2014-05-01,2016-12-31,"BH,HH",ENZ,0.0,False,False
XD,MG02,46.373749,-122.734871,162.0,2014-05-01,2016-12-31,"BH,HH",ENZ,0.0,False,True
XD,MG03,46.33807,-122.476189,638.0,2014-05-01,2016-12-31,"BH,HH",ENZ,0.0,False,True
XD,MG05,46.305882,-122.341927,1283.0,2014-05-01,2016-12-31,"BH,HH",ENZ,0.0,False,True
XD,MG06,46.35014,-122.217453,1408.0,2014-05-01,2016-12-31,"BH,HH",ENZ,0.0,False,True
XD,MG07,46.352852,-122.031013,1457.0,2014-05-01,2016-12-31,"BH,HH",ENZ,0.0,False,True
XD,MG08,46.34174,-121.928726,1547.0,2014-05-01,2016-12-31,"BH,HH",ENZ,0.0,False,False
XD,MG10,46.344719,-121.658089,893.0,2014-05-01,2016-12-31,"BH,HH",ENZ,0.0,False,False
XD,MH01,46.263901,-122.806267,197.0,2014-05-01,2016-12-31,"BH,HH",ENZ,0.0,False,True
XD,MH03,46.268421,-122.594116,373.0,2014-05-01,2016-12-31,"BH,HH",ENZ,0.0,False,True
XD,MH04,46.279461,-122.427071,920.0,2014-05-01,2016-12-31,"BH,HH",ENZ,0.0,False,True
XD,MH07,46.279812,-122.082024,1122.0,2014-05-01,2016-12-31,"BH,HH",ENZ,0.0,False,True
XD,MH09,46.297668,-121.801033,989.0,2014-05-01,2016-12-31,"BH,HH",ENZ,0.0,False,False
XD,MH11,46.27071,-121.578484,1447.0,2014-05-01,2016-12-31,"BH,HH",ENZ,0.0,False,False
XD,MI02,46.21624,-122.665916,349.0,2014-05-01,2016-12-31,"BH,HH",ENZ,0.0,False,True
XD,MI04,46.195938,-122.410149,918.0,2014-05-01,2016-12-31,"BH,HH",ENZ,0.0,False,True
XD,MI05,46.231098,-122.292122,1255.0,2014-05-01,2016-12-31,"BH,HH",ENZ,0.0,False,True
XD,MI07,46.24823,-122.07328,1124.0,2014-05-01,2016-12-31,"BH,HH",ENZ,0.0,False,True
XD,MI08,46.253849,-121.97448,1246.0,2014-05-01,2016-12-31,"BH,HH",ENZ,0.0,False,False
XD,MI09,46.22937,-121.834473,1003.0,2014-05-01,2016-12-31,"BH,HH",ENZ,0.0,False,False
XD,MI10,46.21928,-121.67823,1001.0,2014-05-01,2016-12-31,"BH,HH",ENZ,0.0,False,False
XD,MJ01,46.193741,-122.811256,339.0,2014-05-01,2016-12-31,"BH,HH",ENZ,0.0,False,True
XD,MJ02,46.138771,-122.701202,317.0,2014-05-01,2016-12-31,"BH,HH",ENZ,0.0,False,True
XD,MJ03,46.1591,-122.564957,397.0,2014-05-01,2016-12-31,"BH,HH",ENZ,0.0,False,True
XD,MJ06,46.167049,-122.26062,976.0,2014-05-01,2016-12-31,"BH,HH",ENZ,0.0,False,True
XD,MJ07,46.17878,-122.055779,509.0,2014-05-01,2016-12-31,"BH,HH",ENZ,0.0,False,True
XD,MJ09,46.184181,-121.92144,1052.0,2014-05-01,2016-12-31,"BH,HH",ENZ,0.0,False,False
XD,MK04,46.112701,-122.390862,482.0,2014-05-01,2016-12-31,"BH,HH",ENZ,0.0,False,True
XD,MK06,46.118408,-122.192528,680.0,2014-05-01,2016-12-31,"BH,HH",ENZ,0.0,False,True
XD,MK07,46.152699,-122.116768,929.0,2014-05-01,2016-12-31,"BH,HH",ENZ,0.0,False,True
XD,MK08,46.117378,-122.046066,762.0,2014-05-01,2016-12-31,"BH,HH",ENZ,0.0,False,True
XD,MK10,46.144669,-121.771332,1186.0,2014-05-01,2016-12-31,"BH,HH",ENZ,0.0,False,False
XD,MK11,46.152538,-121.601936,1343.0,2014-05-01,2016-12-31,"BH,HH",ENZ,0.0,False,False
XD,MK12,46.113701,-121.363876,1226.0,2014-05-01,2016-12-31,"BH,HH",ENZ,0.0,False,False
XD,ML03,46.062431,-122.516006,356.0,2014-05-01,2016-12-31,"BH,HH",ENZ,0.0,False,True
XD,ML07,46.074268,-122.115227,694.0,2014-05-01,2016-12-31,"BH,HH",ENZ,0.0,False,True
XD,ML09,46.078091,-121.880363,1144.0,2014-05-01,2016-12-31,"BH,HH",ENZ,0.0,False,False
XD,ML10,46.05278,-121.75087,1238.0,2014-05-01,2016-12-31,"BH,HH",ENZ,0.0,False,False
XD,ML11,46.0756,-121.616333,1033.0,2014-05-01,2016-12-31,"BH,HH",ENZ,0.0,False,False
XD,MM02,46.019711,-122.684464,209.0,2014-05-01,2016-12-31,"BH,HH",ENZ,0.0,False,True
XD,MM04,46.015251,-122.345451,313.0,2014-05-01,2016-12-31,"BH,HH",ENZ,0.0,False,True
XD,MM06,46.04118,-122.256882,601.0,2014-05-01,2016-12-31,"BH,HH",ENZ,0.0,False,True
XD,MM08,46.03273,-121.984123,1019.0,2014-05-01,2016-12-31,"BH,HH",ENZ,0.0,False,False
XD,MN07,45.992611,-122.081657,861.0,2014-05-01,2016-12-31,"BH,HH",ENZ,0.0,False,True
XD,MN09,46.00074,-121.841904,1254.0,2014-05-01,2016-12-31,"BH,HH",ENZ,0.0,False,False
XD,MN10,45.981628,-121.680443,1091.0,2014-05-01,2016-12-31,"BH,HH",ENZ,0.0,False,False
XD,MO03,45.926849,-122.574829,254.0,2014-05-01,2016-12-31,"BH,HH",ENZ,0.0,False,True
XD,MO06,45.932121,-122.206078,784.0,2014-05-01,2016-12-31,"BH,HH",ENZ,0.0,False,True
XD,MO07,45.885132,-122.08445,1248.0,2014-05-01,2016-12-31,"BH,HH",ENZ,0.0,False,True
XD,MP03,45.825569,-122.4944,126.0,2014-05-01,2016-12-31,"BH,HH",ENZ,0.0,False,True
XD,MP04,45.812469,-122.381081,497.0,2014-05-01,2016-12-31,"BH,HH",ENZ,0.0,False,True
XD,MP06,45.831379,-122.195908,796.0,2014-05-01,2016-12-31,"BH,HH",ENZ,0.0,False,True
XD,MP08,45.86615,-121.91156,781.0,2014-06-25,2016-12-31,"BH,HH",ENZ,0.0,False,False
XD,MP10,45.898651,-121.800774,1130.0,2014-05-01,2016-12-31,"BH,HH",ENZ,0.0,False,False
XD,MQ07,45.808182,-122.107208,1037.0,2014-05-01,2016-12-31,"BH,HH",ENZ,0.0,False,True
XG,BH01,48.008801,-123.0784,718.0,2009-06-18,2011-09-10,SH,ENZ,0.0,False,True
XG,BH02,48.006901,-123.080902,724.0,2009-06-18,2010-07-01,SH,ENZ,0.0,False,True
XG,BH03,48.001202,-123.086899,623.0,2009-06-18,2011-09-10,"EH,SH",ENZ,0.0,False,True
XG,BH04,48.004002,-123.090698,654.0,2009-06-18,2011-09-10,"EH,SH",ENZ,0.0,False,True
XG,BH05,48.006401,-123.089401,670.0,2009-06-18,2011-09-10,"EH,SH",ENZ,0.0,False,True
XG,BH06,48.008701,-123.084503,694.0,2009-06-18,2011-09-10,"EH,SH",ENZ,0.0,False,True
XG,BH07,48.003201,-123.081299,708.0,2009-06-18,2011-09-10,"EH,SH",ENZ,0.0,False,True
XG,BH08,48.006699,-123.083,738.0,2009-06-18,2011-09-10,"EH,SH",ENZ,0.0,False,True
XG,BH09,48.006199,-123.086502,720.0,2009-06-18,2011-09-10,"EH,SH",ENZ,0.0,False,True
XG,BH10,48.0037,-123.086304,709.0,2009-06-18,2011-09-10,"EH,SH",ENZ,0.0,False,True
XG,BH11,48.006699,-123.080002,709.0,2010-07-01,2011-09-10,SH,ENZ,0.0,False,True
XG,BH51,48.007401,-123.087196,686.0,2009-06-18,2010-09-02,EH,Z,0.0,False,True
XG,BH52,48.0089,-123.081398,710.0,2009-06-18,2010-09-02,EH,Z,0.0,False,True
XG,BH53,48.005901,-123.083801,741.0,2009-06-18,2010-09-02,EH,Z,0.0,False,True
XG,BH54,48.0042,-123.083199,692.0,2009-06-18,2010-09-02,EH,Z,0.0,False,True
XG,BH55,48.0028,-123.086502,685.0,2009-06-18,2010-09-02,EH,Z,0.0,False,True
XG,BH56,48.0019,-123.0896,645.0,2009-06-18,2010-09-02,EH,Z,0.0,False,True
XG,BH57,48.0042,-123.088699,691.0,2009-06-18,2010-09-02,EH,Z,0.0,False,True
XG,BH58,48.005699,-123.088402,697.0,2009-06-18,2010-09-02,EH,Z,0.0,False,True
XG,BH59,48.005001,-123.085197,728.0,2009-06-19,2010-09-02,EH,Z,0.0,False,True
XG,BH60,48.007401,-123.084297,727.0,2009-06-19,2010-09-02,EH,Z,0.0,False,True
XG,BS51,47.9603,-122.928802,541.0,2010-08-10,2010-09-02,EH,Z,0.0,False,True
XG,BS52,47.9604,-122.931099,555.0,2010-08-10,2010-09-02,EH,Z,0.0,False,True
XG,BS53,47.957901,-122.933296,546.0,2010-08-10,2010-09-02,EH,Z,0.0,False,True
XG,BS54,47.956402,-122.931503,593.0,2010-08-10,2010-09-02,EH,Z,0.0,False,True
XG,BS55,47.9547,-122.929703,555.0,2010-08-10,2010-09-02,EH,Z,0.0,False,True
XG,BS56,47.9529,-122.925102,595.0,2010-08-10,2010-09-02,EH,Z,0.0,False,True
XG,BS57,47.9552,-122.924797,574.0,2010-08-10,2010-09-02,EH,Z,0.0,False,True
XG,BS58,47.956699,-122.927498,572.0,2010-08-10,2010-09-02,EH,Z,0.0,False,True
XG,BS59,47.957901,-122.928802,582.0,2010-08-10,2010-09-02,EH,Z,0.0,False,True
XG,BS60,47.955601,-122.921997,578.0,2010-08-10,2010-09-02,EH,Z,0.0,False,True
XG,CL01,48.066101,-122.9618,102.0,2009-06-18,2010-06-29,SH,ENZ,0.0,False,True
XG,CL02,48.071701,-122.964203,114.0,2009-06-17,2011-09-10,"EH,SH",ENZ,0.0,False,True
XG,CL03,48.071899,-122.9701,117.0,2009-06-17,2011-09-10,"EH,SH",ENZ,0.0,False,True
XG,CL04,48.071602,-122.977699,122.0,2009-06-17,2011-09-10,"EH,SH",ENZ,0.0,False,True
XG,CL05,48.065201,-122.977097,115.0,2009-06-17,2011-09-10,"EH,SH",ENZ,0.0,False,True
XG,CL06,48.0653,-122.969597,109.0,2009-06-17,2011-09-10,"EH,SH",ENZ,0.0,False,True
XG,CL07,48.07,-122.966698,109.0,2009-06-17,2011-09-10,"EH,SH",ENZ,0.0,False,True
XG,CL08,48.068298,-122.9674,107.0,2009-06-17,2011-09-10,"EH,SH",ENZ,0.0,False,True
XG,CL09,48.070301,-122.974403,114.0,2009-06-17,2011-09-10,"EH,SH",ENZ,0.0,False,True
XG,CL10,48.067902,-122.9758,121.0,2009-06-17,2011-09-10,"EH,SH",ENZ,0.0,False,True
XG,CL11,48.064999,-122.973602,117.0,2009-06-18,2011-09-10,"EH,SH",ENZ,0.0,False,True
XG,CL12,48.066601,-122.965698,110.0,2009-06-18,2011-09-10,"EH,SH",ENZ,0.0,False,True
XG,CL13,48.0686,-122.963303,110.0,2009-06-16,2011-09-10,"EH,SH",ENZ,0.0,False,True
XG,CL14,48.0714,-122.968002,119.0,2009-06-18,2011-09-10,"EH,SH",ENZ,0.0,False,True
XG,CL15,48.071999,-122.973099,116.0,2009-06-18,2010-06-29,SH,ENZ,0.0,False,True
XG,CL16,48.069801,-122.977203,123.0,2009-06-18,2011-09-10,"EH,SH",ENZ,0.0,False,True
XG,CL17,48.0667,-122.975403,117.0,2009-06-18,2010-06-29,"EH,SH",ENZ,0.0,False,True
XG,CL18,48.064899,-122.9646,113.0,2009-06-18,2010-12-31,"EH,SH",ENZ,0.0,False,True
XG,CL19,48.070499,-122.970299,113.0,2009-06-18,2010-12-31,"EH,SH",ENZ,0.0,False,True
XG,CL20,48.0709,-122.9627,109.0,2009-06-18,2010-06-29,"EH,SH",ENZ,0.0,False,True
XG,CL51,48.071499,-122.975098,116.0,2009-06-18,2010-09-02,EH,Z,0.0,False,True
XG,CL52,48.069199,-122.975304,118.0,2009-06-18,2010-09-02,EH,Z,0.0,False,True
XG,CL53,48.067299,-122.973999,117.0,2009-06-18,2010-09-02,EH,Z,0.0,False,True
XG,CL54,48.0667,-122.972,106.0,2009-06-18,2010-09-02,EH,Z,0.0,False,True
XG,CL55,48.067101,-122.968399,105.0,2009-06-18,2010-09-02,EH,Z,0.0,False,True
XG,CL56,48.0681,-122.964996,110.0,2009-06-18,2010-09-02,EH,Z,0.0,False,True
XG,CL57,48.0695,-122.968498,106.0,2009-06-18,2010-09-02,EH,Z,0.0,False,True
XG,CL58,48.071499,-122.965897,116.0,2009-06-18,2010-09-02,EH,Z,0.0,False,True
XG,CL59,48.071201,-122.971199,114.0,2009-06-18,2010-09-02,EH,Z,0.0,False,True
XG,CL60,48.065201,-122.9673,116.0,2009-06-18,2010-09-02,EH,Z,0.0,False,True
XG,DR01,48.0093,-123.317497,536.0,2009-06-19,2011-09-10,SH,ENZ,0.0,False,True
XG,DR02,48.0033,-123.317802,592.0,2009-06-19,2011-04-21,SH,ENZ,0.0,False,True
XG,DR03,48.000301,-123.314301,563.0,2009-06-19,2011-09-10,SH,ENZ,0.0,False,True
XG,DR04,48.0098,-123.307602,492.0,2009-06-19,2011-09-10,SH,ENZ,0.0,False,True
XG,DR05,48.006699,-123.309097,515.0,2009-06-19,2011-09-10,SH,ENZ,0.0,False,True
XG,DR06,48.006001,-123.311699,539.0,2009-06-19,2011-09-10,SH,ENZ,0.0,False,True
XG,DR07,48.006001,-123.318497,562.0,2009-06-19,2011-09-10,SH,ENZ,0.0,False,True
XG,DR08,48.0033,-123.308403,526.0,2009-06-19,2011-09-10,SH,ENZ,0.0,False,True
XG,DR09,48.0098,-123.313004,523.0,2009-06-19,2011-09-10,SH,ENZ,0.0,False,True
XG,DR10,48.007401,-123.313797,543.0,2009-06-19,2011-09-10,SH,ENZ,0.0,False,True
XG,DR12,48.0033,-123.312599,544.0,2010-06-30,2011-09-10,SH,ENZ,0.0,False,True
XG,DR51,48.008301,-123.312897,537.0,2009-06-19,2010-09-02,EH,Z,0.0,False,True
XG,DR52,48.009998,-123.309303,511.0,2009-06-19,2010-09-02,EH,Z,0.0,False,True
XG,DR53,48.009399,-123.315697,527.0,2009-06-19,2010-09-02,EH,Z,0.0,False,True
XG,DR54,48.006302,-123.308701,513.0,2009-06-19,2010-09-02,EH,Z,0.0,False,True
XG,DR55,48.007,-123.318298,550.0,2009-06-19,2010-09-02,EH,Z,0.0,False,True
XG,DR56,48.0014,-123.317299,577.0,2009-06-19,2010-09-02,EH,Z,0.0,False,True
XG,DR57,48.0037,-123.314903,560.0,2009-06-19,2010-09-02,EH,Z,0.0,False,True
XG,DR58,48.000999,-123.312202,549.0,2009-06-19,2010-09-02,EH,Z,0.0,False,True
XG,DR59,48.003399,-123.3106,533.0,2009-06-19,2010-09-02,EH,Z,0.0,False,True
XG,DR60,48.003101,-123.314598,563.0,2009-06-20,2010-09-02,EH,Z,0.0,False,True
XG,GC02,47.936199,-123.042397,772.0,2009-06-20,2011-09-10,"EH,SH",ENZ,0.0,False,True
XG,GC03,47.928299,-123.049301,802.0,2009-06-20,2011-09-10,"EH,SH",ENZ,0.0,False,True
XG,GC04,47.927898,-123.0392,788.0,2009-06-20,2011-09-10,"EH,SH",ENZ,0.0,False,True
XG,GC05,47.925999,-123.041298,792.0,2009-06-20,2011-09-10,"EH,SH",ENZ,0.0,False,True
XG,GC06,47.9314,-123.051201,722.0,2009-06-20,2011-09-10,"EH,SH",ENZ,0.0,False,True
XG,GC07,47.934601,-123.049004,717.0,2009-06-20,2011-09-10,"EH,SH",ENZ,0.0,False,True
XG,GC08,47.9342,-123.044899,730.0,2009-06-20,2011-09-10,"EH,SH",ENZ,0.0,False,True
XG,GC09,47.930599,-123.045502,746.0,2009-06-20,2011-09-10,"EH,SH",ENZ,0.0,False,True
XG,GC10,47.928799,-123.0429,770.0,2009-06-20,2011-09-10,"EH,SH",ENZ,0.0,False,True
XG,GC11,47.937199,-123.0485,738.0,2010-06-29,2011-09-10,"EH,SH",ENZ,0.0,False,True
XG,GC12,47.932499,-123.042297,760.0,2010-06-29,2011-09-10,SH,ENZ,0.0,False,True
XG,GC13,47.93,-123.041,778.0,2010-06-29,2011-09-10,SH,ENZ,0.0,False,True
XG,GC14,47.936001,-123.052299,703.0,2009-06-20,2011-09-10,"EH,SH",ENZ,0.0,False,True
XG,GC51,47.932999,-123.042603,754.0,2009-06-20,2010-09-02,EH,Z,0.0,False,True
XG,GC52,47.931099,-123.040901,774.0,2009-06-20,2010-09-02,EH,Z,0.0,False,True
XG,GC53,47.928902,-123.040298,783.0,2009-06-20,2010-09-02,EH,Z,0.0,False,True
XG,GC54,47.926998,-123.042297,787.0,2009-06-20,2010-09-02,EH,Z,0.0,False,True
XG,GC55,47.928001,-123.0448,802.0,2009-06-20,2010-09-02,EH,Z,0.0,False,True
XG,GC56,47.929798,-123.047401,808.0,2009-06-20,2010-09-02,EH,Z,0.0,False,True
XG,GC57,47.9361,-123.045799,746.0,2009-06-20,2010-09-02,EH,Z,0.0,False,True
XG,GC58,47.9342,-123.052696,674.0,2009-06-20,2010-09-02,EH,Z,0.0,False,True
XG,GC59,47.932201,-123.0532,696.0,2009-06-20,2010-09-02,EH,Z,0.0,False,True
XG,GC60,47.9305,-123.043404,746.0,2009-06-20,2010-09-02,EH,Z,0.0,False,True
XG,LC01,48.0536,-123.198196,235.0,2009-08-12,2010-06-29,SH,ENZ,0.0,False,True
XG,LC02,48.055801,-123.205002,211.0,2009-08-12,2011-09-10,SH,ENZ,0.0,False,True
XG,LC03,48.055099,-123.210503,239.0,2009-08-12,2011-09-10,SH,ENZ,0.0,False,True
XG,LC04,48.056099,-123.2164,228.0,2009-08-12,2011-09-10,SH,ENZ,0.0,False,True
XG,LC05,48.0583,-123.220001,205.0,2009-08-12,2011-09-10,SH,ENZ,0.0,False,True
XG,LC06,48.060101,-123.211998,189.0,2009-08-12,2011-09-10,SH,ENZ,0.0,False,True
XG,LC07,48.060001,-123.204201,195.0,2009-08-12,2011-09-10,SH,ENZ,0.0,False,True
XG,LC08,48.0513,-123.204903,252.0,2009-08-12,2011-09-10,SH,ENZ,0.0,False,True
XG,LC09,48.0513,-123.210701,296.0,2009-08-12,2011-09-10,SH,ENZ,0.0,False,True
XG,LC10,48.0509,-123.216698,281.0,2009-08-12,2011-09-10,SH,ENZ,0.0,False,True
XG,LC11,48.054001,-123.214104,245.0,2010-06-29,2010-12-31,SH,ENZ,0.0,False,True
XG,LC12,48.053001,-123.2071,237.0,2010-06-29,2011-09-10,SH,ENZ,0.0,False,True
XG,LC13,48.057999,-123.207298,210.0,2010-06-29,2010-12-31,SH,ENZ,0.0,False,True
XG,LC14,48.058201,-123.213402,211.0,2010-06-29,2010-12-31,SH,ENZ,0.0,False,True
XG,LC51,48.0513,-123.213402,295.0,2010-08-11,2010-09-02,EH,Z,0.0,False,True
XG,LC52,48.051102,-123.207802,289.0,2010-08-11,2010-09-02,EH,Z,0.0,False,True
XG,LC53,48.055599,-123.207298,221.0,2010-08-11,2010-09-02,EH,Z,0.0,False,True
XG,LC54,48.053001,-123.210098,242.0,2010-08-11,2010-09-02,EH,Z,0.0,False,True
XG,LC55,48.0546,-123.216202,242.0,2010-08-11,2010-09-02,EH,Z,0.0,False,True
XG,LC56,48.056198,-123.219803,225.0,2010-08-11,2010-09-02,EH,Z,0.0,False,True
XG,LC57,48.058998,-123.216301,203.0,2010-08-11,2010-09-02,EH,Z,0.0,False,True
XG,LC58,48.059898,-123.208199,192.0,2010-08-11,2010-09-02,EH,Z,0.0,False,True
XG,LC59,48.056301,-123.213097,224.0,2010-08-11,2010-09-02,EH,Z,0.0,False,True
XG,LC60,48.0569,-123.209602,215.0,2010-08-11,2010-09-02,EH,Z,0.0,False,True
XG,PA01,48.056801,-123.454803,690.0,2009-06-19,2011-09-10,SH,ENZ,0.0,False,True
XG,PA02,48.051701,-123.460999,717.0,2009-06-19,2011-09-10,SH,ENZ,0.0,False,True
XG,PA03,48.053299,-123.472198,722.0,2009-06-19,2011-09-10,SH,ENZ,0.0,False,True
XG,PA04,48.053699,-123.465599,735.0,2009-06-19,2011-09-10,SH,ENZ,0.0,False,True
XG,PA05,48.058399,-123.472298,690.0,2009-06-19,2010-06-30,SH,ENZ,0.0,False,True
XG,PA06,48.055698,-123.469002,708.0,2009-06-19,2011-09-10,SH,ENZ,0.0,False,True
XG,PA07,48.0578,-123.460403,708.0,2009-06-19,2011-09-10,SH,ENZ,0.0,False,True
XG,PA08,48.051701,-123.456802,698.0,2009-06-19,2010-04-30,SH,ENZ,0.0,False,True
XG,PA09,48.056599,-123.474197,761.0,2009-06-19,2011-09-10,SH,ENZ,0.0,False,True
XG,PA10,48.054199,-123.4608,736.0,2009-06-19,2010-06-30,SH,ENZ,0.0,False,True
XG,PA11,48.0583,-123.472504,700.0,2010-07-14,2011-09-10,SH,ENZ,0.0,False,True
XG,PA12,48.052101,-123.457802,709.0,2010-06-30,2011-09-10,SH,ENZ,0.0,False,True
XG,PA13,48.053902,-123.459999,758.0,2010-06-30,2010-12-31,SH,ENZ,0.0,False,True
XG,PA51,48.054199,-123.469398,717.0,2009-06-19,2010-09-02,EH,Z,0.0,False,True
XG,PA52,48.057701,-123.470901,698.0,2009-06-19,2010-09-02,EH,Z,0.0,False,True
XG,PA53,48.055401,-123.473396,739.0,2009-06-19,2010-09-02,EH,Z,0.0,False,True
XG,PA54,48.055401,-123.471497,731.0,2009-06-19,2010-09-02,EH,Z,0.0,False,True
XG,PA55,48.053398,-123.4617,722.0,2009-06-19,2010-09-02,EH,Z,0.0,False,True
XG,PA56,48.054001,-123.4571,723.0,2009-06-19,2010-09-02,EH,Z,0.0,False,True
XG,PA57,48.055,-123.458099,749.0,2009-06-20,2010-09-02,EH,Z,0.0,False,True
XG,PA58,48.056999,-123.458099,731.0,2009-06-20,2010-09-02,EH,Z,0.0,False,True
XG,PA59,48.051701,-123.459099,706.0,2009-06-19,2010-09-02,EH,Z,0.0,False,True
XG,PA60,48.054199,-123.471497,727.0,2009-06-19,2010-09-02,EH,Z,0.0,False,True
XG,SL01,47.950699,-123.0644,738.0,2009-06-20,2010-06-29,SH,ENZ,0.0,False,True
XG,SL02,47.946301,-123.0634,730.0,2009-06-20,2010-06-29,SH,ENZ,0.0,False,True
XG,SL04,47.939098,-123.057404,710.0,2009-06-20,2010-06-29,SH,ENZ,0.0,False,True
XG,SL05,47.936001,-123.0522,697.0,2009-06-20,2010-12-31,SH,ENZ,0.0,False,True
XG,TB01,47.967098,-123.144997,690.0,2009-06-21,2011-09-10,SH,ENZ,0.0,False,True
XG,TB02,47.9706,-123.1521,697.0,2009-06-21,2010-06-30,SH,ENZ,0.0,False,True
XG,TB03,47.979301,-123.146599,554.0,2009-06-21,2010-07-01,SH,ENZ,0.0,False,True
XG,TB04,47.979198,-123.132698,608.0,2009-06-21,2011-09-10,SH,ENZ,0.0,False,True
XG,TB05,47.9776,-123.1287,586.0,2009-06-21,2011-09-10,SH,ENZ,0.0,False,True
XG,TB06,47.9702,-123.1371,621.0,2009-06-21,2011-09-10,SH,ENZ,0.0,False,True
XG,TB07,47.969501,-123.144402,671.0,2009-06-21,2011-09-10,SH,ENZ,0.0,False,True
XG,TB08,47.974998,-123.135399,645.0,2009-06-21,2011-09-10,SH,ENZ,0.0,False,True
XG,TB09,47.973499,-123.141602,652.0,2009-06-21,2011-09-10,SH,ENZ,0.0,False,True
XG,TB10,47.970798,-123.145699,669.0,2009-06-21,2011-09-10,SH,ENZ,0.0,False,True
XG,TB11,47.974098,-123.128197,568.0,2010-06-30,2011-09-10,SH,ENZ,0.0,False,True
XG,TB12,47.971401,-123.131203,576.0,2010-07-15,2011-09-10,SH,ENZ,0.0,False,True
XG,TB13,47.967899,-123.136101,585.0,2010-06-30,2011-09-10,SH,ENZ,0.0,False,True
XG,TB14,47.976299,-123.134102,635.0,2010-07-01,2010-12-31,SH,ENZ,0.0,False,True
XG,TB51,47.975399,-123.139801,646.0,2009-06-22,2010-09-02,EH,Z,0.0,False,True
XG,TB52,47.972301,-123.1436,651.0,2009-06-22,2010-09-02,EH,Z,0.0,False,True
XG,TB53,47.971199,-123.133797,610.0,2009-06-21,2010-09-02,EH,Z,0.0,False,True
XG,TB55,47.973598,-123.132599,612.0,2009-06-21,2010-09-02,EH,Z,0.0,False,True
XG,TB56,47.971401,-123.148804,663.0,2009-06-21,2010-09-02,EH,Z,0.0,False,True
XG,TB57,47.968899,-123.140099,614.0,2009-06-21,2010-09-02,EH,Z,0.0,False,True
XG,TB58,47.9692,-123.1474,689.0,2009-06-22,2010-09-02,EH,Z,0.0,False,True
XG,TB59,47.9786,-123.130302,590.0,2009-06-21,2010-09-02,EH,Z,0.0,False,True
XG,TB60,47.973499,-123.139999,656.0,2009-06-22,2010-09-02,EH,Z,0.0,False,True
XG,TB61,47.975601,-123.134102,632.0,2010-08-10,2010-09-02,EH,Z,0.0,False,True
XN,ALS0,44.4104,-123.5952,315.0,2010-01-01,2010-12-31,"BH,HH",ENZ,0.0,False,True
XN,MAP0,44.003502,-123.829803,143.0,2010-01-01,2010-10-19,"BH,HH",ENZ,0.0,False,True
XN,TOL0,44.676399,-123.999702,191.0,2010-01-01,2010-10-21,"BH,HH",ENZ,0.0,False,True
XN,YAC1,44.297501,-124.088402,320.0,2010-01-01,2010-12-31,"BH,HH",ENZ,0.0,False,True
XU,BS01,47.9608,-122.934799,534.1,2006-07-22,2012-05-31,SH,ENZ,0.0,False,True
XU,BS02,47.958698,-122.930496,605.7,2006-07-22,2012-05-31,SH,ENZ,0.0,False,True
XU,BS03,47.9548,-122.932999,579.0,2006-07-22,2012-05-31,"EH,SH",ENZ,0.0,False,True
XU,BS04,47.954899,-122.927299,574.1,2006-07-22,2012-05-31,SH,ENZ,0.0,False,True
XU,BS06,47.9566,-122.929604,459.9,2007-11-01,2012-05-31,SH,ENZ,0.0,False,True
XU,BS11,47.956799,-122.925201,585.7,2006-07-22,2012-05-31,"BH,SH",ENZ,0.0,False,True
XU,BS20,47.954601,-122.931099,556.9,2009-06-20,2010-06-29,"EH,SH",ENZ,0.0,False,True
XU,BS21,47.9552,-122.924797,571.4,2009-05-22,2010-06-29,SH,ENZ,0.0,False,True
XU,BS22,47.958599,-122.927597,571.3,2009-05-22,2012-05-31,SH,ENZ,0.0,False,True
XU,BS23,47.959599,-122.933701,540.9,2009-05-22,2012-05-31,"EH,SH",ENZ,0.0,False,True
XU,BS24,47.964298,-122.929802,444.6,2009-05-22,2010-06-29,SH,ENZ,0.0,False,True
XU,BS25,47.962299,-122.930298,487.3,2010-06-29,2012-05-31,SH,ENZ,0.0,False,True
XU,BS26,47.952599,-122.928299,575.6,2010-06-29,2012-05-31,SH,ENZ,0.0,False,True
XU,BS27,47.953201,-122.922997,600.3,2010-06-30,2012-05-31,SH,ENZ,0.0,False,True
XU,C04A,47.7174,-122.971603,53.0,2008-03-05,2010-12-31,BH,ENZ,0.0,False,True
XU,PL01,47.457401,-123.157501,441.6,2006-07-22,2012-05-31,SH,ENZ,0.0,False,True
XU,PL02,47.451801,-123.157997,453.9,2006-07-22,2012-05-31,SH,ENZ,0.0,False,True
XU,PL03,47.454601,-123.150101,341.9,2006-07-22,2012-05-31,SH,ENZ,0.0,False,True
XU,PL04,47.4496,-123.148399,363.6,2006-07-22,2012-05-31,SH,ENZ,0.0,False,True
XU,PL05,47.457699,-123.144302,1251.2,2006-07-22,2012-05-31,SH,ENZ,0.0,False,True
XU,PL11,47.4543,-123.153999,373.8,2006-07-22,2012-05-31,"BH,SH",ENZ,0.0,False,True
XU,W020,47.8731,-122.945602,349.6,2006-07-21,2012-05-31,"BH,SH",ENZ,0.0,False,True
XU,W030,47.813,-122.910797,69.2,2006-10-20,2010-10-30,BH,ENZ,0.0,False,True
XU,W040,47.601002,-123.1213,336.7,2006-07-26,2012-05-31,"BH,SH",ENZ,0.0,False,True
XU,W060,47.319698,-123.312302,266.4,2006-07-25,2012-05-31,"BH,SH",ENZ,0.0,False,True
YG,CO01,46.627998,-123.876198,79.0,2012-07-12,2012-07-24,EH,ENZ,0.0,False,True
YG,CO02,46.623001,-123.616501,55.0,2012-07-12,2012-07-25,EH,ENZ,0.0,False,True
YG,CO03,46.653099,-123.227402,198.0,2012-07-13,2012-07-25,EH,ENZ,0.0,False,True
YG,CO04,46.812302,-124.0495,97.0,2012-07-12,2012-07-25,EH,ENZ,0.0,False,True
YG,CO05,46.813202,-123.7061,165.0,2012-07-12,2012-07-25,EH,ENZ,0.0,False,True
YG,CO06,46.7994,-123.465302,159.0,2012-07-12,2012-07-25,EH,ENZ,0.0,False,True
YG,OR01,44.869499,-123.997597,218.0,2012-06-09,2012-07-08,EH,ENZ,0.0,False,True
YG,OR02,44.844799,-123.866501,468.0,2012-06-09,2012-07-08,EH,ENZ,0.0,False,True
YG,OR03,44.536701,-123.911201,288.0,2012-06-09,2012-07-08,EH,ENZ,0.0,False,True
YG,OR04,44.846401,-123.579597,793.0,2012-06-08,2012-07-08,EH,ENZ,0.0,False,True
YG,OR05,44.8522,-123.435097,130.0,2012-06-08,2012-07-08,EH,ENZ,0.0,False,True
YG,OR06,44.677601,-124.001999,239.0,2012-06-09,2012-07-09,EH,ENZ,0.0,False,True
YG,OR07,44.658001,-123.789299,192.0,2012-06-09,2012-07-08,EH,ENZ,0.0,False,True
YG,OR08,44.666199,-123.6381,192.0,2012-06-09,2012-07-09,EH,ENZ,0.0,False,True
YG,OR09,44.6777,-123.5075,320.0,2012-06-13,2012-07-08,EH,ENZ,0.0,False,True
YG,OR10,44.6735,-123.316002,471.0,2012-06-09,2012-07-08,EH,ENZ,0.0,False,True
YG,OR11,44.392799,-124.046303,97.0,2012-06-09,2012-07-08,EH,ENZ,0.0,False,True
YG,OR12,44.418301,-123.904297,116.0,2012-06-10,2012-07-08,EH,ENZ,0.0,False,True
YG,OR13,44.391701,-123.7379,76.0,2012-06-10,2012-06-16,EH,ENZ,0.0,False,True
YG,OR13B,44.4021,-123.745499,191.0,2012-06-16,2012-07-08,EH,ENZ,0.0,False,True
YG,OR14,44.539101,-123.686699,111.0,2012-06-10,2012-07-09,EH,ENZ,0.0,False,True
YG,OR15,44.412998,-123.389099,242.0,2012-06-10,2012-07-07,EH,ENZ,0.0,False,True
YG,OR16,44.201599,-124.0439,599.0,2012-06-09,2012-07-09,EH,ENZ,0.0,False,True
YG,OR17,44.223999,-123.8479,374.0,2012-06-10,2012-07-08,EH,ENZ,0.0,False,True
YG,OR18,44.330101,-123.533096,386.0,2012-06-14,2012-07-09,EH,ENZ,0.0,False,True
YG,OR19,44.221699,-123.597603,569.0,2012-06-09,2012-07-09,EH,ENZ,0.0,False,True
YG,OR20,44.207298,-123.429604,320.0,2012-06-09,2012-07-09,EH,ENZ,0.0,False,True
YG,OR21,44.0242,-124.048897,49.0,2012-06-18,2012-07-18,EH,ENZ,0.0,False,True
YG,OR22,44.029499,-123.880997,195.0,2012-06-08,2012-07-09,EH,ENZ,0.0,False,True
YG,OR23,44.008701,-123.805397,349.0,2012-06-08,2012-07-08,EH,ENZ,0.0,False,True
YG,OR24,44.111,-123.656303,337.0,2012-06-08,2012-07-09,EH,ENZ,0.0,False,True
YG,OR25,44.051601,-123.612297,425.0,2012-06-09,2012-07-08,EH,ENZ,0.0,False,True
YG,OR26,44.013401,-123.413696,281.0,2012-06-14,2012-07-08,EH,ENZ,0.0,False,True
YG,OR27,43.920399,-123.169098,343.0,2012-06-09,2012-07-08,EH,ENZ,0.0,False,True
YG,OR28,43.874901,-122.881699,629.0,2012-06-10,2012-07-08,EH,ENZ,0.0,False,True
YG,OR29,43.849998,-124.079803,121.0,2012-06-18,2012-07-09,EH,ENZ,0.0,False,True
YG,OR30,43.816502,-123.8853,354.0,2012-06-19,2012-07-09,EH,ENZ,0.0,False,True
YG,OR31,44.336498,-123.992798,266.0,2012-06-09,2012-07-08,EH,ENZ,0.0,False,True
YG,OR32,44.3298,-123.790901,93.0,2012-06-10,2012-07-08,EH,ENZ,0.0,False,True
YG,OR33,43.8279,-123.466599,351.0,2012-06-09,2012-07-08,EH,ENZ,0.0,False,True
YW,FAC1,45.040401,-123.636703,146.0,2007-11-05,2010-06-21,BH,ENZ,0.0,False,True
YW,FAC3,44.407001,-122.461304,542.0,2007-11-05,2010-02-24,BH,ENZ,0.0,False,True
YW,FACA,47.8634,-122.062897,60.0,2007-11-08,2010-07-09,BH,ENZ,0.0,False,True
YW,FACB,47.887199,-122.6464,73.0,2007-11-07,2010-04-04,BH,ENZ,0.0,False,True
YW,FACC,47.400902,-122.579498,111.0,2007-11-07,2010-07-08,BH,ENZ,0.0,False,True
YW,FACD,46.6619,-122.852097,176.0,2007-11-07,2010-03-29,BH,ENZ,0.0,False,True
YW,FACF,46.3316,-122.776199,222.0,2007-11-07,2010-07-09,BH,ENZ,0.0,False,True
YW,FACG,46.075298,-123.175797,110.0,2007-11-06,2010-06-17,BH,ENZ,0.0,False,True
YW,FACH,45.8811,-123.215797,245.0,2007-11-06,2010-07-09,BH,ENZ,0.0,False,True
YW,FACI,45.715099,-122.458603,145.0,2007-11-06,2010-07-08,BH,ENZ,0.0,False,True
YW,FACJ,45.296001,-123.289299,172.0,2007-11-06,2010-06-02,BH,ENZ,0.0,False,True
YW,FACK,44.838402,-123.072899,239.0,2007-11-05,2010-07-01,BH,ENZ,0.0,False,True
YW,FACL,44.1399,-123.019798,155.0,2007-11-05,2010-07-01,BH,ENZ,0.0,False,True
YW,FACM,43.782398,-122.447304,683.0,2007-11-04,2010-05-15,BH,ENZ,0.0,False,True
YW,FACN,43.697102,-123.349297,134.0,2007-11-02,2010-10-22,BH,ENZ,0.0,False,True
YW,FACO,43.536201,-123.806801,195.0,2007-11-04,2010-07-11,BH,ENZ,0.0,False,True
YW,FACP,43.214298,-124.085403,67.0,2007-11-04,2010-07-11,BH,ENZ,0.0,False,True
YW,FACQ,42.909401,-124.059601,160.0,2007-11-03,2010-07-11,BH,ENZ,0.0,False,True
YW,FACR,43.434399,-123.121101,366.0,2007-11-03,2010-07-02,BH,ENZ,0.0,False,True
YW,FACS,42.7859,-123.372002,509.0,2007-11-03,2010-06-16,BH,ENZ,0.0,False,True
YW,FACT,42.557499,-124.066498,76.0,2007-11-03,2010-07-12,BH,ENZ,0.0,False,True
YW,FACU,42.2556,-122.827202,55.5,2007-11-02,2010-06-27,BH,ENZ,0.0,False,True
YW,FACV,42.155998,-123.601799,463.0,2008-05-28,2010-07-12,BH,ENZ,0.0,False,True
Z5,BB630,42.877399,-126.636902,-3340.0,2013-10-04,2014-07-29,HH,12Z,53932.0,True,True
Z5,BB631,42.8787,-126.634399,-3320.0,2014-09-20,2015-04-18,HH,12Z,10539.0,True,True
Z5,BB640,42.993,-127.302002,-2854.0,2013-10-04,2014-07-30,HH,12Z,0.0,True,True
Z5,BB650,43.465199,-127.134697,-2947.0,2013-10-05,2014-07-29,HH,12Z,0.0,True,True
Z5,BB660,43.426201,-127.792702,-2182.0,2013-10-03,2014-07-29,HH,12Z,0.0,True,True
Z5,BB670,43.4669,-128.400299,-3269.0,2013-10-02,2014-07-28,HH,12Z,0.0,True,True
Z5,BB680,43.252499,-128.803497,-3253.0,2013-10-02,2014-07-28,HH,12Z,0.0,True,True
Z5,BB690,43.851898,-128.436798,-2858.0,2013-09-24,2014-07-28,HH,12Z,0.0,True,True
Z5,BB700,44.672401,-128.817307,-2800.0,2013-09-24,2014-07-26,HH,12Z,0.0,True,True
Z5,BB710,44.171299,-129.142593,-2422.0,2013-09-25,2014-07-27,HH,12Z,0.0,True,False
Z5,BB711,44.1684,-129.1427,-2441.0,2014-07-27,2015-09-11,HH,12Z,0.0,True,False
Z5,BB720,43.749401,-129.413193,-3177.0,2013-10-01,2014-07-27,HH,12Z,0.0,True,False
Z5,BB721,43.749901,-129.413696,-3170.0,2014-07-27,2015-09-11,HH,12Z,0.0,True,False
Z5,BB730,44.293098,-129.964996,-3337.0,2013-09-27,2014-07-27,HH,12Z,0.0,True,False
Z5,BB740,44.062199,-130.503693,-3179.0,2013-09-26,2014-07-26,HH,12Z,0.0,True,False
Z5,BB750,44.589802,-130.6577,-3010.0,2013-09-26,2014-07-26,HH,12Z,0.0,True,False
Z5,BB830,44.024399,-127.631104,-2939.0,2014-07-25,2015-09-09,HH,12Z,0.0,True,True
Z5,BB840,43.425301,-128.033401,-3278.0,2014-07-28,2015-09-11,BH,12Z,0.0,True,True
Z5,BB850,44.533199,-128.046005,-2875.0,2014-07-25,2015-10-28,BH,12Z,0.0,True,True
Z5,BB870,44.045399,-130.101807,-3219.0,2014-07-27,2015-09-10,BH,12Z,0.0,True,False
Z5,GB030,42.356499,-125.857101,-2621.0,2013-11-03,2014-09-11,HH,12Z,2394.0,True,True
Z5,GB050,42.474998,-126.902702,-3948.0,2013-10-13,2014-09-20,HH,12Z,53993.0,True,True
Z5,GB080,41.9828,-125.307701,-3103.0,2013-11-01,2014-09-19,HH,12Z,76835.0,True,True
Z5,GB100,42.026001,-126.585197,-3571.0,2013-11-03,2014-09-19,HH,12Z,71728.0,True,True
Z5,GB101,42.0205,-126.587997,-3585.0,2014-08-08,2015-09-16,BH,12Z,61022.0,True,True
Z5,GB111,41.9217,-127.1716,-3403.0,2014-07-31,2015-09-13,HH,12Z,0.0,True,True
Z5,GB130,41.409698,-124.689903,-1088.0,2013-10-31,2014-09-12,HH,12Z,40216.0,True,True
Z5,GB170,41.5956,-127.424004,-3454.0,2013-11-02,2014-09-18,HH,12Z,0.0,True,True
Z5,GB171,41.597,-127.4254,-3469.0,2014-07-31,2015-09-13,HH,12Z,0.0,True,True
Z5,GB180,41.951401,-128.296295,-3185.0,2013-10-13,2014-07-31,HH,12Z,0.0,True,True
Z5,GB210,41.337002,-126.055801,-3094.0,2013-11-02,2014-09-18,HH,12Z,73600.0,True,True
Z5,GB220,41.073299,-126.914497,-2998.0,2013-10-16,2014-09-18,HH,12Z,53866.0,True,True
Z5,GB230,41.127201,-127.430702,-3310.0,2013-10-15,2014-09-17,HH,12Z,0.0,True,True
Z5,GB260,40.975498,-125.221298,-3067.0,2013-11-01,2014-09-13,HH,12Z,100943.0,True,True
Z5,GB281,41.0284,-126.089897,-3124.0,2014-08-11,2015-09-16,BH,12Z,40744.0,True,True
Z5,GB320,40.396599,-125.912102,-2332.0,2013-10-17,2014-09-16,HH,12Z,126580.0,True,True
Z5,GB321,40.3922,-125.911697,-2283.0,2014-08-02,2015-09-14,HH,12Z,237.0,True,True
Z5,GB330,40.511101,-126.5849,-3156.0,2013-10-16,2014-09-17,HH,12Z,86959.0,True,True
Z5,GB331,40.513,-126.584,-3137.0,2014-08-11,2015-09-14,BH,12Z,48377.0,True,True
Z5,GB340,40.3713,-127.442299,-1793.0,2013-10-16,2014-09-17,HH,12Z,0.0,True,True
Z5,GB341,40.372101,-127.442299,-1791.0,2014-08-01,2015-09-14,HH,12Z,0.0,True,True
Z5,GB350,40.861801,-128.111603,-3299.0,2013-10-15,2014-09-17,HH,12Z,0.0,True,True
Z5,GB360,39.879601,-124.730797,-1312.0,2013-10-31,2014-09-15,HH,12Z,0.0,True,False
Z5,GB380,40.059399,-126.162498,-4068.0,2013-10-16,2014-08-02,HH,12Z,25767.0,True,True
ZH,ALS0,44.4104,-123.5952,315.0,2011-01-01,2012-12-31,HH,ENZ,0.0,False,True
ZH,YAC1,44.297501,-124.088402,320.0,2011-01-01,2012-12-31,HH,ENZ,0.0,False,True
ZU,CLEV,46.8494,-121.741798,3740.0,2011-05-17,2011-05-27,EH,ENZ,0.0,False,False
ZU,CS1,46.870899,-121.732399,2900.0,2011-07-01,2011-07-02,EH,Z,0.0,False,False
ZU,CS2,46.8699,-121.737,2960.0,2011-07-01,2011-07-02,EH,Z,0.0,False,False
ZU,CS3,46.869499,-121.738701,2990.0,2011-07-01,2011-07-02,EH,Z,0.0,False,False
ZU,CS4,46.868599,-121.738503,3020.0,2011-07-01,2011-07-02,EH,Z,0.0,False,False
ZZ,CW01,47.119499,-124.153,15.0,2012-06-05,2012-07-31,HH,ENZ,0.0,False,True
ZZ,CW02,47.059101,-124.137703,11.0,2012-06-05,2012-07-31,HH,ENZ,0.0,False,True
ZZ,CW03,47.1101,-124.033997,53.0,2012-06-05,2012-07-31,HH,ENZ,0.0,False,True
ZZ,CW04,47.123901,-123.971001,161.0,2012-06-05,2012-07-31,HH,ENZ,0.0,False,True
ZZ,CW05,47.1082,-123.868797,111.0,2012-06-05,2012-07-31,HH,ENZ,0.0,False,True
ZZ,CW06,47.061699,-123.839203,114.0,2012-06-05,2012-07-31,HH,ENZ,0.0,False,True
ZZ,CW07,47.055801,-123.7043,93.0,2012-06-05,2012-07-31,HH,ENZ,0.0,False,True
ZZ,CW08,47.056999,-123.549599,90.0,2012-06-05,2012-07-31,HH,ENZ,0.0,False,True
ZZ,CW09,47.044498,-123.452797,95.0,2012-06-05,2012-07-31,HH,ENZ,0.0,False,True
ZZ,CW10,47.033298,-123.366798,46.0,2012-06-05,2012-07-31,HH,ENZ,0.0,False,True
ZZ,CW11,47.029099,-123.2967,113.0,2012-06-05,2012-07-31,HH,ENZ,0.0,False,True
ZZ,CW12,47.010601,-123.164597,415.0,2012-06-05,2012-07-31,HH,ENZ,0.0,False,True
ZZ,CW13,47.0401,-123.026604,173.0,2012-06-05,2012-07-31,HH,ENZ,0.0,False,True
ZZ,CW14,46.839401,-122.731201,160.0,2012-06-05,2012-07-31,HH,ENZ,0.0,False,True
ZZ,CW15,46.866798,-122.3806,192.0,2012-06-05,2012-07-31,HH,ENZ,0.0,False,True
